subid,gender,trial,pool,rate_s,rate_o,choice_raw,outcome_s,outcome_o,conds,party,frame,choice
101,1,1,60,-2,-1,12,22,49,2,1,2,13
101,1,2,90,-1,-3,3,18,216,2,1,2,4
101,1,3,120,-1,-2,6,27,186,2,1,2,7
101,1,4,40,-3,-1,5,27,31,2,1,2,6
101,1,5,100,-1,-3,9,14,258,2,1,2,10
101,1,6,90,-3,-1,8,48,74,2,1,2,9
101,1,7,150,-2,-1,22,50,125,2,1,2,23
101,1,8,75,-1,-2,51,16,118,2,1,2,52
101,1,9,120,-2,-1,25,46,97,2,1,2,26
101,1,10,80,-3,-1,4,30,70,2,1,2,5
101,1,11,150,-1,-2,59,40,220,2,1,2,60
101,1,12,120,-1,-1,41,22,98,2,1,2,42
101,1,13,40,-1,-3,2,10,90,2,1,2,3
101,1,14,200,-1,-1,26,38,162,2,1,2,27
101,1,15,100,-3,-1,2,30,90,2,1,2,3
101,1,16,60,-1,-1,19,11,49,2,1,2,20
101,1,17,75,-2,-1,7,30,60,2,1,2,8
101,1,18,100,-1,-1,8,20,80,2,1,2,9
101,1,19,80,-1,-3,22,25,165,2,1,2,23
101,1,20,60,-1,-2,5,16,88,2,1,2,6
101,1,1,60,1,2,47,48,24,1,1,1,48
101,1,2,75,2,1,50,112,19,1,1,1,51
101,1,3,120,1,1,99,73,47,1,1,1,100
101,1,4,100,1,3,82,80,60,1,1,1,83
101,1,5,60,1,1,55,47,13,1,1,1,56
101,1,6,120,1,2,97,104,32,1,1,1,98
101,1,7,80,1,3,66,71,27,1,1,1,67
101,1,8,90,3,1,78,171,33,1,1,1,79
101,1,9,40,1,3,38,34,18,1,1,1,39
101,1,10,100,1,1,93,72,28,1,1,1,94
101,1,11,60,2,1,56,78,21,1,1,1,57
101,1,12,150,1,2,120,125,50,1,1,1,121
101,1,13,40,3,1,19,90,10,1,1,1,20
101,1,14,120,2,1,79,196,22,1,1,1,80
101,1,15,100,3,1,82,207,31,1,1,1,83
101,1,16,75,1,2,71,63,24,1,1,1,72
101,1,17,200,1,1,118,150,50,1,1,1,119
101,1,18,90,1,3,77,77,39,1,1,1,78
101,1,19,150,2,1,146,230,35,1,1,1,147
101,1,20,80,3,1,76,171,23,1,1,1,77
101,1,1,120,-2,-1,41,66,87,4,2,2,42
101,1,2,100,-1,-3,72,70,90,4,2,2,73
101,1,3,200,-1,-1,105,93,107,4,2,2,106
101,1,4,90,-3,-1,23,69,67,4,2,2,24
101,1,5,150,-1,-2,99,99,102,4,2,2,100
101,1,6,75,-2,-1,23,50,50,4,2,2,24
101,1,7,90,-1,-3,69,68,66,4,2,2,70
101,1,8,120,-1,-2,77,81,78,4,2,2,78
101,1,9,100,-3,-1,23,75,75,4,2,2,24
101,1,10,75,-1,-2,51,48,54,4,2,2,52
101,1,11,60,-2,-1,14,38,41,4,2,2,15
101,1,12,80,-3,-1,11,51,63,4,2,2,12
101,1,13,150,-2,-1,50,84,108,4,2,2,51
101,1,14,60,-1,-2,36,34,52,4,2,2,37
101,1,15,100,-1,-1,46,44,56,4,2,2,47
101,1,16,40,-1,-3,30,28,36,4,2,2,31
101,1,17,120,-1,-1,50,56,64,4,2,2,51
101,1,18,80,-1,-3,59,59,63,4,2,2,60
101,1,19,40,-3,-1,6,33,29,4,2,2,7
101,1,20,60,-1,-1,31,29,31,4,2,2,32
101,1,1,90,3,1,25,90,60,3,2,1,26
101,1,2,200,1,1,96,106,94,3,2,1,97
101,1,3,40,3,1,11,33,29,3,2,1,12
101,1,4,120,1,1,54,61,59,3,2,1,55
101,1,5,150,2,1,54,136,82,3,2,1,55
101,1,6,80,1,3,60,63,51,3,2,1,61
101,1,7,150,1,2,102,102,96,3,2,1,103
101,1,9,75,2,1,24,48,51,3,2,1,25
101,1,10,80,3,1,26,57,61,3,2,1,27
101,1,11,60,1,2,58,37,46,3,2,1,59
101,1,12,90,1,3,64,70,60,3,2,1,65
101,1,13,120,1,2,75,83,74,3,2,1,76
101,1,14,100,1,3,62,74,78,3,2,1,63
101,1,15,75,1,2,51,52,46,3,2,1,52
101,1,16,100,3,1,26,90,70,3,2,1,27
101,1,17,60,2,1,19,40,40,3,2,1,20
101,1,18,100,1,1,50,52,48,3,2,1,51
101,1,19,120,2,1,40,82,79,3,2,1,41
101,1,20,60,1,1,18,37,23,3,2,1,19
102,1,1,80,-1,-3,26,32,144,2,1,2,27
102,1,2,60,-1,-2,27,17,86,2,1,2,28
102,1,3,200,-1,-1,24,43,157,2,1,2,25
102,1,4,60,-2,-1,7,18,51,2,1,2,8
102,1,5,120,-1,-1,39,24,96,2,1,2,40
102,1,6,90,-1,-3,26,26,192,2,1,2,27
102,1,7,60,-1,-1,6,16,44,2,1,2,7
102,1,8,150,-1,-2,42,38,224,2,1,2,43
102,1,9,80,-3,-1,10,45,65,2,1,2,11
102,1,10,75,-1,-2,30,27,96,2,1,2,31
102,1,11,100,-3,-1,10,51,83,2,1,2,11
102,1,12,120,-2,-1,4,42,99,2,1,2,5
102,1,13,100,-1,-3,9,25,225,2,1,2,10
102,1,14,150,-2,-1,19,58,121,2,1,2,20
102,1,15,40,-1,-3,9,14,78,2,1,2,10
102,1,16,75,-2,-1,8,24,63,2,1,2,9
102,1,17,40,-3,-1,1,12,36,2,1,2,2
102,1,18,120,-1,-2,9,26,188,2,1,2,10
102,1,19,90,-3,-1,8,27,81,2,1,2,9
102,1,20,100,-1,-1,17,21,79,2,1,2,18
102,1,1,90,3,1,86,174,32,1,1,1,87
102,1,2,200,1,1,189,146,54,1,1,1,190
102,1,3,40,3,1,19,78,14,1,1,1,20
102,1,4,120,1,1,115,86,34,1,1,1,116
102,1,5,150,2,1,98,232,34,1,1,1,99
102,1,6,80,1,3,78,67,39,1,1,1,79
102,1,7,150,1,2,104,120,60,1,1,1,105
102,1,8,40,1,3,39,33,21,1,1,1,40
102,1,9,75,2,1,72,108,21,1,1,1,73
102,1,10,80,3,1,63,201,13,1,1,1,64
102,1,11,60,1,2,40,50,20,1,1,1,41
102,1,12,90,1,3,68,81,27,1,1,1,69
102,1,13,120,1,2,119,105,30,1,1,1,120
102,1,14,100,1,3,90,83,51,1,1,1,91
102,1,15,75,1,2,53,63,24,1,1,1,54
102,1,16,100,3,1,69,237,21,1,1,1,70
102,1,17,60,2,1,48,98,11,1,1,1,49
102,1,18,100,1,1,76,83,17,1,1,1,77
102,1,19,120,2,1,118,174,33,1,1,1,119
102,1,20,60,1,1,58,48,12,1,1,1,59
102,1,1,60,-1,-2,40,52,16,4,2,2,41
102,1,2,75,-2,-1,27,102,24,4,2,2,28
102,1,3,120,-1,-1,56,55,65,4,2,2,57
102,1,4,100,-1,-3,64,72,84,4,2,2,65
102,1,5,60,-1,-1,24,28,32,4,2,2,25
102,1,6,120,-1,-2,73,79,82,4,2,2,74
102,1,7,80,-1,-3,60,59,63,4,2,2,61
102,1,8,90,-3,-1,21,60,70,4,2,2,22
102,1,9,40,-1,-3,29,31,27,4,2,2,30
102,1,10,100,-1,-1,42,52,48,4,2,2,43
102,1,11,60,-2,-1,17,42,39,4,2,2,18
102,1,12,150,-1,-2,102,102,96,4,2,2,103
102,1,13,40,-3,-1,4,30,30,4,2,2,5
102,1,14,120,-2,-1,40,78,81,4,2,2,41
102,1,15,100,-3,-1,27,75,75,4,2,2,28
102,1,16,75,-1,-2,47,50,50,4,2,2,48
102,1,17,200,-1,-1,102,95,105,4,2,2,103
102,1,18,90,-1,-3,69,62,84,4,2,2,70
102,1,19,150,-2,-1,41,98,101,4,2,2,42
102,1,20,80,-3,-1,21,87,51,4,2,2,22
102,1,1,60,2,1,20,36,42,3,2,1,21
102,1,2,90,1,3,66,66,72,3,2,1,67
102,1,3,120,1,2,74,86,68,3,2,1,75
102,1,4,40,3,1,8,36,28,3,2,1,9
102,1,5,100,1,3,75,75,75,3,2,1,76
102,1,6,90,3,1,23,78,64,3,2,1,24
102,1,7,150,2,1,50,108,96,3,2,1,51
102,1,8,75,1,2,54,53,44,3,2,1,55
102,1,9,120,2,1,42,100,70,3,2,1,43
102,1,10,80,3,1,27,75,55,3,2,1,28
102,1,11,150,1,2,95,102,96,3,2,1,96
102,1,12,120,1,1,62,74,46,3,2,1,63
102,1,13,40,1,3,30,29,33,3,2,1,31
102,1,14,200,1,1,111,106,94,3,2,1,112
102,1,15,100,3,1,29,72,76,3,2,1,30
102,1,16,60,1,1,25,28,32,3,2,1,26
102,1,17,75,2,1,38,60,45,3,2,1,39
102,1,18,100,1,1,53,59,41,3,2,1,54
102,1,19,80,1,3,64,59,63,3,2,1,65
102,1,20,60,1,2,42,41,38,3,2,1,43
103,1,1,120,-2,-1,4,34,103,2,1,2,5
103,1,2,100,-1,-3,1,16,252,2,1,2,2
103,1,3,200,-1,-1,23,51,149,2,1,2,24
103,1,4,90,-3,-1,11,33,79,2,1,2,12
103,1,5,150,-1,-2,59,17,266,2,1,2,60
103,1,6,75,-2,-1,0,20,65,2,1,2,1
103,1,7,90,-1,-3,24,13,231,2,1,2,25
103,1,8,120,-1,-2,6,21,198,2,1,2,7
103,1,9,100,-3,-1,7,48,84,2,1,2,8
103,1,10,75,-1,-2,19,22,106,2,1,2,20
103,1,11,60,-2,-1,24,14,53,2,1,2,25
103,1,12,80,-3,-1,13,15,75,2,1,2,14
103,1,13,150,-2,-1,10,48,126,2,1,2,11
103,1,14,60,-1,-2,9,12,96,2,1,2,10
103,1,15,100,-1,-1,6,15,85,2,1,2,7
103,1,16,40,-1,-3,12,8,96,2,1,2,13
103,1,17,120,-1,-1,2,18,102,2,1,2,3
103,1,18,80,-1,-3,1,16,192,2,1,2,2
103,1,19,40,-3,-1,0,15,35,2,1,2,1
103,1,20,60,-1,-1,14,9,51,2,1,2,15
103,1,1,60,1,2,57,49,22,1,1,1,58
103,1,2,75,2,1,62,118,16,1,1,1,63
103,1,3,120,1,1,80,108,12,1,1,1,81
103,1,4,100,1,3,92,85,45,1,1,1,93
103,1,5,60,1,1,55,53,7,1,1,1,56
103,1,7,80,1,3,63,72,24,1,1,1,64
103,1,8,90,3,1,80,249,7,1,1,1,81
103,1,9,40,1,3,32,37,9,1,1,1,33
103,1,10,100,1,1,93,91,9,1,1,1,94
103,1,11,60,2,1,59,110,5,1,1,1,60
103,1,12,150,1,2,148,125,50,1,1,1,149
103,1,13,40,3,1,40,96,8,1,1,1,41
103,1,14,120,2,1,108,192,24,1,1,1,109
103,1,15,100,3,1,100,213,29,1,1,1,101
103,1,16,75,1,2,71,67,16,1,1,1,72
103,1,17,200,1,1,191,166,34,1,1,1,192
103,1,18,90,1,3,76,79,33,1,1,1,77
103,1,19,150,2,1,144,262,19,1,1,1,145
103,1,20,80,3,1,80,192,16,1,1,1,81
103,1,1,80,-1,-3,62,58,66,4,2,2,63
103,1,2,60,-1,-2,53,38,44,4,2,2,54
103,1,3,200,-1,-1,96,92,108,4,2,2,97
103,1,4,60,-2,-1,16,52,34,4,2,2,17
103,1,5,120,-1,-1,57,57,63,4,2,2,58
103,1,6,90,-1,-3,67,42,144,4,2,2,68
103,1,7,60,-1,-1,33,37,23,4,2,2,34
103,1,8,150,-1,-2,107,95,110,4,2,2,108
103,1,9,80,-3,-1,19,93,49,4,2,2,20
103,1,10,75,-1,-2,47,44,62,4,2,2,48
103,1,11,100,-3,-1,27,75,75,4,2,2,28
103,1,12,120,-2,-1,35,90,75,4,2,2,36
103,1,13,100,-1,-3,62,74,78,4,2,2,63
103,1,15,40,-1,-3,17,29,33,4,2,2,18
103,1,16,75,-2,-1,25,46,52,4,2,2,26
103,1,17,40,-3,-1,8,24,32,4,2,2,9
103,1,18,120,-1,-2,75,78,84,4,2,2,76
103,1,20,100,-1,-1,51,28,72,4,2,2,52
103,1,1,90,3,1,22,78,64,3,2,1,23
103,1,2,200,1,1,87,109,91,3,2,1,88
103,1,3,40,3,1,9,39,27,3,2,1,10
103,1,4,120,1,1,64,70,50,3,2,1,65
103,1,5,150,2,1,48,118,91,3,2,1,49
103,1,6,80,1,3,62,62,54,3,2,1,63
103,1,7,150,1,2,109,105,90,3,2,1,110
103,1,8,40,1,3,28,32,24,3,2,1,29
103,1,9,75,2,1,21,56,47,3,2,1,22
103,1,10,80,3,1,22,54,62,3,2,1,23
103,1,11,60,1,2,45,42,36,3,2,1,46
103,1,12,90,1,3,68,70,60,3,2,1,69
103,1,13,120,1,2,87,81,78,3,2,1,88
103,1,14,100,1,3,76,78,66,3,2,1,77
103,1,15,75,1,2,44,51,48,3,2,1,45
103,1,16,100,3,1,25,72,76,3,2,1,26
103,1,17,60,2,1,21,44,38,3,2,1,22
103,1,18,100,1,1,60,56,44,3,2,1,61
103,1,19,120,2,1,47,86,77,3,2,1,48
103,1,20,60,1,1,34,29,31,3,2,1,35
104,1,1,80,-3,-1,6,27,71,2,1,2,7
104,1,2,100,-1,-1,8,17,83,2,1,2,9
104,1,3,150,-1,-2,60,25,250,2,1,2,61
104,1,4,100,-1,-3,33,30,210,2,1,2,34
104,1,5,120,-1,-2,28,12,216,2,1,2,29
104,1,6,40,-1,-3,11,9,93,2,1,2,12
104,1,7,100,-3,-1,0,12,96,2,1,2,1
104,1,8,120,-2,-1,8,6,117,2,1,2,9
104,1,9,75,-1,-2,11,6,138,2,1,2,12
104,1,10,90,-1,-3,9,10,240,2,1,2,10
104,1,11,200,-1,-1,7,29,171,2,1,2,8
104,1,12,40,-3,-1,2,18,34,2,1,2,3
104,1,13,120,-1,-1,7,12,108,2,1,2,8
104,1,14,75,-2,-1,1,24,63,2,1,2,2
104,1,15,60,-1,-1,0,9,51,2,1,2,1
104,1,16,90,-3,-1,8,15,85,2,1,2,9
104,1,17,60,-1,-2,29,9,102,2,1,2,30
104,1,18,150,-2,-1,2,28,136,2,1,2,3
104,1,19,80,-1,-3,4,17,189,2,1,2,5
104,1,20,60,-2,-1,14,12,54,2,1,2,15
104,1,1,60,1,1,59,35,25,1,1,1,60
104,1,2,80,1,3,79,62,54,1,1,1,80
104,1,3,90,3,1,79,243,9,1,1,1,80
104,1,4,100,1,3,91,88,36,1,1,1,92
104,1,5,120,1,1,78,102,18,1,1,1,79
104,1,6,80,3,1,37,186,18,1,1,1,38
104,1,7,75,2,1,34,108,21,1,1,1,35
104,1,8,90,1,3,75,79,33,1,1,1,76
104,1,9,120,1,2,97,105,30,1,1,1,98
104,1,10,100,1,1,96,89,11,1,1,1,97
104,1,11,120,2,1,83,220,10,1,1,1,84
104,1,12,100,3,1,92,222,26,1,1,1,93
104,1,13,60,1,2,39,52,16,1,1,1,40
104,1,14,150,2,1,141,246,27,1,1,1,142
104,1,15,40,3,1,31,93,9,1,1,1,32
104,1,16,150,1,2,115,120,60,1,1,1,116
104,1,17,40,1,3,32,35,15,1,1,1,33
104,1,18,60,2,1,25,106,7,1,1,1,26
104,1,19,75,1,2,51,60,30,1,1,1,52
104,1,20,200,1,1,164,162,38,1,1,1,165
104,1,1,60,-1,-2,49,45,30,4,2,2,50
104,1,2,90,-3,-1,22,63,69,4,2,2,23
104,1,3,100,-1,-3,74,74,78,4,2,2,75
104,1,4,200,-1,-1,99,111,89,4,2,2,100
104,1,5,80,-1,-3,60,59,63,4,2,2,61
104,1,6,75,-2,-1,27,52,49,4,2,2,28
104,1,7,100,-1,-1,46,68,32,4,2,2,47
104,1,8,90,-1,-3,76,66,72,4,2,2,77
104,1,9,75,-1,-2,48,49,52,4,2,2,49
104,1,10,60,-2,-1,23,36,42,4,2,2,24
104,1,11,40,-1,-3,24,31,27,4,2,2,25
104,1,12,120,-2,-1,39,78,81,4,2,2,40
104,1,13,40,-3,-1,9,27,31,4,2,2,10
104,1,14,60,-1,-1,30,25,35,4,2,2,31
104,1,15,150,-2,-1,48,94,103,4,2,2,49
104,1,16,120,-1,-1,67,48,72,4,2,2,68
104,1,17,100,-3,-1,19,78,74,4,2,2,20
104,1,18,150,-1,-2,99,98,104,4,2,2,100
104,1,19,80,-3,-1,17,57,61,4,2,2,18
104,1,20,120,-1,-2,80,80,80,4,2,2,81
104,1,1,120,1,1,59,72,48,3,2,1,60
104,1,2,60,2,1,27,66,27,3,2,1,28
104,1,3,100,3,1,38,84,72,3,2,1,39
104,1,4,120,2,1,39,86,77,3,2,1,40
104,1,5,100,1,3,74,72,84,3,2,1,75
104,1,6,150,2,1,43,108,96,3,2,1,44
104,1,7,75,1,2,42,54,42,3,2,1,43
104,1,8,60,1,1,31,39,21,3,2,1,32
104,1,9,80,1,3,60,62,54,3,2,1,61
104,1,10,120,1,2,81,81,78,3,2,1,82
104,1,11,75,2,1,24,54,48,3,2,1,25
104,1,12,40,3,1,10,48,24,3,2,1,11
104,1,13,90,1,3,66,59,93,3,2,1,67
104,1,14,60,1,2,40,43,34,3,2,1,41
104,1,15,40,1,3,30,29,33,3,2,1,31
104,1,16,200,1,1,106,90,110,3,2,1,107
104,1,17,80,3,1,19,78,54,3,2,1,20
104,1,18,100,1,1,61,59,41,3,2,1,62
104,1,19,90,3,1,23,75,65,3,2,1,24
104,1,20,150,1,2,100,104,92,3,2,1,101
105,1,1,60,-1,-1,18,12,48,2,1,2,19
105,1,2,80,-1,-3,48,51,63,2,1,2,49
105,1,3,90,-3,-1,5,24,198,2,1,2,6
105,1,4,100,-1,-3,52,51,83,2,1,2,53
105,1,5,120,-1,-1,43,22,98,2,1,2,44
105,1,6,80,-3,-1,1,34,138,2,1,2,2
105,1,7,75,-2,-1,23,17,116,2,1,2,24
105,1,8,90,-1,-3,58,30,80,2,1,2,59
105,1,9,120,-1,-2,13,36,102,2,1,2,14
105,1,10,100,-1,-1,7,15,85,2,1,2,8
105,1,11,120,-2,-1,3,32,176,2,1,2,4
105,1,12,100,-3,-1,8,25,225,2,1,2,9
105,1,13,60,-1,-2,41,18,51,2,1,2,42
105,1,14,150,-2,-1,10,37,226,2,1,2,11
105,1,15,40,-3,-1,3,9,93,2,1,2,4
105,1,16,150,-1,-2,25,52,124,2,1,2,26
105,1,17,40,-1,-3,29,12,36,2,1,2,30
105,1,18,60,-2,-1,16,10,100,2,1,2,17
105,1,19,75,-1,-2,25,28,61,2,1,2,26
105,1,20,200,-1,-1,12,37,163,2,1,2,13
105,1,1,80,1,3,70,70,30,1,1,1,71
105,1,2,75,1,2,62,68,14,1,1,1,63
105,1,3,60,2,1,59,92,14,1,1,1,60
105,1,4,40,1,3,35,36,12,1,1,1,36
105,1,5,100,1,1,77,81,19,1,1,1,78
105,1,6,60,1,2,46,50,20,1,1,1,47
105,1,7,120,2,1,109,190,25,1,1,1,110
105,1,8,100,1,3,99,86,42,1,1,1,100
105,1,9,200,1,1,105,165,35,1,1,1,106
105,1,10,150,1,2,101,133,34,1,1,1,102
105,1,11,90,3,1,63,213,19,1,1,1,64
105,1,12,75,2,1,60,116,17,1,1,1,61
105,1,13,60,1,1,49,47,13,1,1,1,50
105,1,14,80,3,1,77,171,23,1,1,1,78
105,1,15,150,2,1,150,250,25,1,1,1,151
105,1,16,100,3,1,88,216,28,1,1,1,89
105,1,17,120,1,1,88,103,17,1,1,1,89
105,1,18,40,3,1,25,87,11,1,1,1,26
105,1,19,90,1,3,89,83,21,1,1,1,90
105,1,20,120,1,2,98,101,38,1,1,1,99
105,1,1,80,-3,-1,20,63,51,4,2,2,21
105,1,2,100,-1,-1,49,46,54,4,2,2,50
105,1,3,75,-1,-2,49,50,50,4,2,2,50
105,1,4,60,-1,-1,22,27,33,4,2,2,23
105,1,5,150,-1,-2,98,86,107,4,2,2,99
105,1,6,75,-2,-1,25,48,54,4,2,2,26
105,1,7,200,-1,-1,92,98,102,4,2,2,93
105,1,8,100,-3,-1,25,75,75,4,2,2,26
105,1,9,80,-1,-3,63,63,59,4,2,2,64
105,1,10,40,-3,-1,12,31,27,4,2,2,13
105,1,11,150,-2,-1,49,98,104,4,2,2,50
105,1,12,100,-1,-3,73,84,72,4,2,2,74
105,1,13,60,-2,-1,20,40,40,4,2,2,21
105,1,14,120,-1,-2,80,78,81,4,2,2,81
105,1,15,90,-3,-1,24,69,63,4,2,2,25
105,1,16,120,-2,-1,44,80,80,4,2,2,45
105,1,17,60,-1,-2,42,46,37,4,2,2,43
105,1,18,90,-1,-3,68,72,66,4,2,2,69
105,1,19,120,-1,-1,42,65,55,4,2,2,43
105,1,20,40,-1,-3,34,33,29,4,2,2,35
105,1,1,150,2,1,36,116,92,3,2,1,37
105,1,2,40,3,1,13,42,26,3,2,1,14
105,1,3,60,1,1,42,34,26,3,2,1,43
105,1,4,150,1,2,97,103,94,3,2,1,98
105,1,5,90,1,3,66,68,66,3,2,1,67
105,1,6,75,2,1,25,56,47,3,2,1,26
105,1,7,100,1,3,76,74,78,3,2,1,77
105,1,8,120,1,2,76,76,88,3,2,1,77
105,1,9,40,1,3,31,30,30,3,2,1,32
105,1,10,60,2,1,20,44,38,3,2,1,21
105,1,11,120,1,1,59,54,66,3,2,1,60
105,1,12,100,3,1,31,84,72,3,2,1,32
105,1,13,80,1,3,61,56,72,3,2,1,62
105,1,14,100,1,1,48,49,51,3,2,1,49
105,1,15,60,1,2,38,35,50,3,2,1,39
105,1,16,120,2,1,50,78,81,3,2,1,51
105,1,17,200,1,1,95,100,100,3,2,1,96
105,1,18,90,3,1,24,60,70,3,2,1,25
105,1,19,75,1,2,49,50,50,3,2,1,50
105,1,20,80,3,1,19,63,59,3,2,1,20
106,1,1,90,-1,-3,8,24,198,2,1,2,9
106,1,2,60,-1,-2,5,15,90,2,1,2,6
106,1,3,120,-2,-1,23,40,100,2,1,2,24
106,1,4,90,-3,-1,5,45,75,2,1,2,6
106,1,5,150,-2,-1,8,58,121,2,1,2,9
106,1,6,40,-3,-1,7,15,35,2,1,2,8
106,1,7,100,-1,-3,21,19,243,2,1,2,22
106,1,8,150,-1,-2,6,26,248,2,1,2,7
106,1,9,100,-3,-1,0,45,85,2,1,2,1
106,1,10,200,-1,-1,2,34,166,2,1,2,3
106,1,11,40,-1,-3,4,11,87,2,1,2,5
106,1,12,80,-3,-1,0,27,71,2,1,2,1
106,1,13,75,-2,-1,10,26,62,2,1,2,11
106,1,14,120,-1,-1,50,24,96,2,1,2,51
106,1,15,60,-2,-1,14,18,51,2,1,2,15
106,1,16,120,-1,-2,36,22,196,2,1,2,37
106,1,17,80,-1,-3,3,18,186,2,1,2,4
106,1,18,100,-1,-1,31,19,81,2,1,2,32
106,1,19,75,-1,-2,11,19,112,2,1,2,12
106,1,20,60,-1,-1,22,16,44,2,1,2,23
106,1,1,80,3,1,67,132,36,1,1,1,68
106,1,2,100,1,1,84,62,38,1,1,1,85
106,1,3,150,1,2,114,115,70,1,1,1,115
106,1,4,100,1,3,75,82,54,1,1,1,76
106,1,5,120,1,2,89,85,70,1,1,1,90
106,1,6,40,1,3,26,34,18,1,1,1,27
106,1,7,100,3,1,55,228,24,1,1,1,56
106,1,8,120,2,1,105,156,42,1,1,1,106
106,1,9,75,1,2,62,57,36,1,1,1,63
106,1,10,90,1,3,75,74,48,1,1,1,76
106,1,11,200,1,1,139,155,45,1,1,1,140
106,1,12,40,3,1,33,87,11,1,1,1,34
106,1,13,120,1,1,119,91,29,1,1,1,120
106,1,14,75,2,1,62,110,20,1,1,1,63
106,1,15,60,1,1,34,44,16,1,1,1,35
106,1,16,90,3,1,70,186,28,1,1,1,71
106,1,17,60,1,2,43,46,28,1,1,1,44
106,1,18,150,2,1,147,186,57,1,1,1,148
106,1,19,80,1,3,61,59,63,1,1,1,62
106,1,20,60,2,1,35,96,12,1,1,1,36
106,1,1,120,-1,-1,51,96,24,4,2,2,52
106,1,2,60,-2,-1,25,50,35,4,2,2,26
106,1,3,100,-3,-1,26,54,82,4,2,2,27
106,1,4,120,-2,-1,40,60,90,4,2,2,41
106,1,5,100,-1,-3,81,71,87,4,2,2,82
106,1,6,150,-2,-1,50,96,102,4,2,2,51
106,1,7,75,-1,-2,50,51,48,4,2,2,51
106,1,8,60,-1,-1,19,31,29,4,2,2,20
106,1,9,80,-1,-3,54,58,66,4,2,2,55
106,1,10,120,-1,-2,81,79,82,4,2,2,82
106,1,11,75,-2,-1,28,56,47,4,2,2,29
106,1,12,40,-3,-1,12,27,31,4,2,2,13
106,1,13,90,-1,-3,68,63,81,4,2,2,69
106,1,14,60,-1,-2,40,40,40,4,2,2,41
106,1,15,40,-1,-3,28,32,24,4,2,2,29
106,1,16,200,-1,-1,102,95,105,4,2,2,103
106,1,17,80,-3,-1,7,51,63,4,2,2,8
106,1,18,100,-1,-1,49,47,53,4,2,2,50
106,1,19,90,-3,-1,24,66,68,4,2,2,25
106,1,20,150,-1,-2,98,102,96,4,2,2,99
106,1,1,60,1,2,39,39,42,3,2,1,40
106,1,2,90,3,1,20,69,67,3,2,1,21
106,1,3,100,1,3,76,73,81,3,2,1,77
106,1,4,200,1,1,104,87,113,3,2,1,105
106,1,5,80,1,3,65,53,81,3,2,1,66
106,1,6,75,2,1,25,64,43,3,2,1,26
106,1,7,100,1,1,49,46,54,3,2,1,50
106,1,8,90,1,3,69,66,72,3,2,1,70
106,1,9,75,1,2,54,48,54,3,2,1,55
106,1,10,60,2,1,20,46,37,3,2,1,21
106,1,11,40,1,3,30,31,27,3,2,1,31
106,1,12,120,2,1,40,80,80,3,2,1,41
106,1,13,40,3,1,9,33,29,3,2,1,10
106,1,14,60,1,1,29,26,34,3,2,1,30
106,1,15,150,2,1,46,96,102,3,2,1,47
106,1,16,120,1,1,63,54,66,3,2,1,64
106,1,17,100,3,1,20,84,72,3,2,1,21
106,1,18,150,1,2,107,97,106,3,2,1,108
106,1,19,80,3,1,14,66,58,3,2,1,15
106,1,20,120,1,2,83,75,90,3,2,1,84
107,1,1,120,-2,-1,18,30,105,2,1,2,19
107,1,2,100,-1,-3,12,22,234,2,1,2,13
107,1,3,200,-1,-1,14,34,166,2,1,2,15
107,1,4,90,-3,-1,1,27,81,2,1,2,2
107,1,5,150,-1,-2,22,24,252,2,1,2,23
107,1,6,75,-2,-1,6,48,51,2,1,2,7
107,1,7,90,-1,-3,26,15,225,2,1,2,27
107,1,8,120,-1,-2,56,15,210,2,1,2,57
107,1,9,100,-3,-1,22,24,92,2,1,2,23
107,1,10,75,-1,-2,10,15,120,2,1,2,11
107,1,11,60,-2,-1,0,18,51,2,1,2,1
107,1,12,80,-3,-1,19,24,72,2,1,2,20
107,1,13,150,-2,-1,43,30,135,2,1,2,44
107,1,14,60,-1,-2,15,14,92,2,1,2,16
107,1,15,100,-1,-1,5,17,83,2,1,2,6
107,1,16,40,-1,-3,12,11,87,2,1,2,13
107,1,17,120,-1,-1,34,19,101,2,1,2,35
107,1,18,80,-1,-3,2,25,165,2,1,2,3
107,1,19,40,-3,-1,1,12,36,2,1,2,2
107,1,20,60,-1,-1,14,7,53,2,1,2,15
107,1,1,60,1,2,47,51,18,1,1,1,48
107,1,2,75,2,1,70,120,15,1,1,1,71
107,1,3,120,1,1,101,100,20,1,1,1,102
107,1,4,100,1,3,86,68,96,1,1,1,87
107,1,5,60,1,1,41,53,7,1,1,1,42
107,1,6,120,1,2,82,100,40,1,1,1,83
107,1,7,80,1,3,64,73,21,1,1,1,65
107,1,8,90,3,1,82,186,28,1,1,1,83
107,1,9,40,1,3,39,37,9,1,1,1,40
107,1,10,100,1,1,96,89,11,1,1,1,97
107,1,11,60,2,1,54,106,7,1,1,1,55
107,1,12,150,1,2,143,127,46,1,1,1,144
107,1,13,40,3,1,31,102,6,1,1,1,32
107,1,14,120,2,1,113,184,28,1,1,1,114
107,1,15,100,3,1,92,225,25,1,1,1,93
107,1,16,75,1,2,56,61,28,1,1,1,57
107,1,17,200,1,1,176,165,35,1,1,1,177
107,1,18,90,1,3,79,77,39,1,1,1,80
107,1,19,150,2,1,139,244,28,1,1,1,140
107,1,20,80,3,1,30,159,27,1,1,1,31
107,1,1,80,-1,-3,62,58,66,4,2,2,63
107,1,2,60,-1,-2,44,32,56,4,2,2,45
107,1,3,200,-1,-1,105,105,95,4,2,2,106
107,1,4,60,-2,-1,20,54,33,4,2,2,21
107,1,5,120,-1,-1,61,66,54,4,2,2,62
107,1,6,90,-1,-3,67,68,66,4,2,2,68
107,1,7,60,-1,-1,42,33,27,4,2,2,43
107,1,8,150,-1,-2,100,103,94,4,2,2,101
107,1,9,80,-3,-1,21,72,56,4,2,2,22
107,1,10,75,-1,-2,47,42,66,4,2,2,48
107,1,11,100,-3,-1,29,126,58,4,2,2,30
107,1,12,120,-2,-1,45,78,81,4,2,2,46
107,1,13,100,-1,-3,75,78,66,4,2,2,76
107,1,14,150,-2,-1,45,106,97,4,2,2,46
107,1,15,40,-1,-3,26,28,36,4,2,2,27
107,1,16,75,-2,-1,25,46,52,4,2,2,26
107,1,17,40,-3,-1,14,21,33,4,2,2,15
107,1,18,120,-1,-2,76,76,88,4,2,2,77
107,1,19,90,-3,-1,27,54,72,4,2,2,28
107,1,20,100,-1,-1,69,45,55,4,2,2,70
107,1,1,90,3,1,20,81,63,3,2,1,21
107,1,2,200,1,1,100,101,99,3,2,1,101
107,1,3,40,3,1,10,45,25,3,2,1,11
107,1,4,120,1,1,58,67,53,3,2,1,59
107,1,5,150,2,1,52,102,99,3,2,1,53
107,1,6,80,1,3,59,62,54,3,2,1,60
107,1,7,150,1,2,110,108,84,3,2,1,111
107,1,8,40,1,3,27,31,27,3,2,1,28
107,1,9,75,2,1,29,56,47,3,2,1,30
107,1,10,80,3,1,12,63,59,3,2,1,13
107,1,11,60,1,2,39,41,38,3,2,1,40
107,1,12,90,1,3,76,69,63,3,2,1,77
107,1,13,120,1,2,79,79,82,3,2,1,80
107,1,14,100,1,3,72,77,69,3,2,1,73
107,1,15,75,1,2,54,53,44,3,2,1,55
107,1,16,100,3,1,25,87,71,3,2,1,26
107,1,17,60,2,1,22,38,41,3,2,1,23
107,1,18,100,1,1,56,57,43,3,2,1,57
107,1,19,120,2,1,41,84,78,3,2,1,42
107,1,20,60,1,1,28,35,25,3,2,1,29
108,1,1,150,-2,-1,8,48,126,2,1,2,9
108,1,2,40,-3,-1,12,12,36,2,1,2,13
108,1,3,60,-1,-1,3,11,49,2,1,2,4
108,1,4,150,-1,-2,26,29,242,2,1,2,27
108,1,5,90,-1,-3,31,25,195,2,1,2,32
108,1,6,75,-2,-1,7,20,65,2,1,2,8
108,1,7,100,-1,-3,4,21,237,2,1,2,5
108,1,8,120,-1,-2,9,39,162,2,1,2,10
108,1,9,40,-1,-3,0,8,96,2,1,2,1
108,1,10,60,-2,-1,17,24,48,2,1,2,18
108,1,11,120,-1,-1,35,21,99,2,1,2,36
108,1,12,100,-3,-1,1,33,89,2,1,2,2
108,1,13,80,-1,-3,23,19,183,2,1,2,24
108,1,14,100,-1,-1,1,17,83,2,1,2,2
108,1,15,60,-1,-2,2,9,102,2,1,2,3
108,1,16,120,-2,-1,24,20,110,2,1,2,25
108,1,17,200,-1,-1,23,26,174,2,1,2,24
108,1,18,90,-3,-1,9,27,81,2,1,2,10
108,1,19,75,-1,-2,1,6,138,2,1,2,2
108,1,20,80,-3,-1,0,15,75,2,1,2,1
108,1,1,60,2,1,40,90,15,1,1,1,41
108,1,2,90,1,3,71,83,21,1,1,1,72
108,1,3,120,1,2,92,102,36,1,1,1,93
108,1,4,40,3,1,40,105,5,1,1,1,41
108,1,5,100,1,3,98,88,36,1,1,1,99
108,1,6,90,3,1,74,231,13,1,1,1,75
108,1,7,150,2,1,125,230,35,1,1,1,126
108,1,8,75,1,2,63,66,18,1,1,1,64
108,1,9,120,2,1,113,196,22,1,1,1,114
108,1,11,150,1,2,112,131,38,1,1,1,113
108,1,12,120,1,1,111,105,15,1,1,1,112
108,1,13,40,1,3,39,36,12,1,1,1,40
108,1,14,200,1,1,182,144,56,1,1,1,183
108,1,15,100,3,1,89,216,28,1,1,1,90
108,1,16,60,1,1,41,52,8,1,1,1,42
108,1,17,75,2,1,70,114,18,1,1,1,71
108,1,18,100,1,1,95,83,17,1,1,1,96
108,1,19,80,1,3,76,74,18,1,1,1,77
108,1,20,60,1,2,51,55,10,1,1,1,52
108,1,1,80,-1,-3,62,57,69,4,2,2,63
108,1,2,75,-1,-2,37,52,46,4,2,2,38
108,1,3,60,-2,-1,22,28,46,4,2,2,23
108,1,4,40,-1,-3,30,29,33,4,2,2,31
108,1,5,100,-1,-1,38,42,58,4,2,2,39
108,1,6,60,-1,-2,31,38,44,4,2,2,32
108,1,7,120,-2,-1,33,72,84,4,2,2,34
108,1,8,100,-1,-3,78,72,84,4,2,2,79
108,1,9,200,-1,-1,99,77,123,4,2,2,100
108,1,10,150,-1,-2,100,105,90,4,2,2,101
108,1,11,90,-3,-1,23,72,66,4,2,2,24
108,1,12,75,-2,-1,19,62,44,4,2,2,20
108,1,13,60,-1,-1,31,33,27,4,2,2,32
108,1,14,80,-3,-1,20,54,62,4,2,2,21
108,1,15,150,-2,-1,51,96,102,4,2,2,52
108,1,17,120,-1,-1,57,55,65,4,2,2,58
108,1,18,40,-3,-1,9,24,32,4,2,2,10
108,1,19,90,-1,-3,69,63,81,4,2,2,70
108,1,20,120,-1,-2,82,75,90,4,2,2,83
108,1,1,80,3,1,23,81,53,3,2,1,24
108,1,2,100,1,1,47,55,45,3,2,1,48
108,1,3,75,1,2,58,53,44,3,2,1,59
108,1,4,60,1,1,33,34,26,3,2,1,34
108,1,5,150,1,2,93,97,106,3,2,1,94
108,1,6,75,2,1,26,52,49,3,2,1,27
108,1,7,200,1,1,84,110,90,3,2,1,85
108,1,8,100,3,1,30,69,77,3,2,1,31
108,1,10,40,3,1,14,51,23,3,2,1,15
108,1,11,150,2,1,61,102,99,3,2,1,62
108,1,12,100,1,3,72,62,114,3,2,1,73
108,1,13,60,2,1,13,46,37,3,2,1,14
108,1,14,120,1,2,85,77,86,3,2,1,86
108,1,15,90,3,1,23,75,65,3,2,1,24
108,1,16,120,2,1,46,90,75,3,2,1,47
108,1,17,60,1,2,38,40,40,3,2,1,39
108,1,18,90,1,3,64,69,63,3,2,1,65
108,1,19,120,1,1,71,57,63,3,2,1,72
108,1,20,40,1,3,30,27,39,3,2,1,31
109,1,1,40,-3,-1,6,15,35,2,1,2,7
109,1,2,60,-1,-1,9,15,45,2,1,2,10
109,1,3,75,-1,-2,2,14,122,2,1,2,3
109,1,4,100,-1,-1,28,15,85,2,1,2,29
109,1,5,120,-1,-2,13,26,188,2,1,2,14
109,1,6,60,-2,-1,24,24,48,2,1,2,25
109,1,7,100,-1,-3,14,19,243,2,1,2,15
109,1,8,75,-2,-1,4,22,64,2,1,2,5
109,1,9,100,-3,-1,15,48,84,2,1,2,16
109,1,10,150,-2,-1,15,46,127,2,1,2,16
109,1,11,80,-3,-1,11,39,67,2,1,2,12
109,1,12,200,-1,-1,75,40,160,2,1,2,76
109,1,13,60,-1,-2,3,17,86,2,1,2,4
109,1,14,80,-1,-3,42,14,198,2,1,2,43
109,1,15,120,-2,-1,1,32,104,2,1,2,2
109,1,16,150,-1,-2,8,35,230,2,1,2,9
109,1,17,90,-3,-1,11,30,80,2,1,2,12
109,1,18,40,-1,-3,3,13,81,2,1,2,4
109,1,19,120,-1,-1,16,25,95,2,1,2,17
109,1,20,90,-1,-3,28,25,195,2,1,2,29
109,1,1,60,1,2,46,53,14,1,1,1,47
109,1,2,40,1,3,32,32,24,1,1,1,33
109,1,3,100,3,1,98,246,18,1,1,1,99
109,1,4,60,2,1,49,88,16,1,1,1,50
109,1,5,200,1,1,197,152,48,1,1,1,198
109,1,6,90,3,1,65,210,20,1,1,1,66
109,1,7,120,1,2,98,106,28,1,1,1,99
109,1,8,80,1,3,75,67,39,1,1,1,76
109,1,9,100,1,1,79,76,24,1,1,1,80
109,1,10,150,1,2,127,121,58,1,1,1,128
109,1,11,120,1,1,98,98,22,1,1,1,99
109,1,12,80,3,1,53,168,24,1,1,1,54
109,1,13,120,2,1,109,182,29,1,1,1,110
109,1,14,75,1,2,56,63,24,1,1,1,57
109,1,15,90,1,3,80,83,21,1,1,1,81
109,1,16,150,2,1,150,252,24,1,1,1,151
109,1,17,40,3,1,33,96,8,1,1,1,34
109,1,18,75,2,1,67,122,14,1,1,1,68
109,1,19,60,1,1,50,49,11,1,1,1,51
109,1,20,100,1,3,100,87,39,1,1,1,101
109,1,1,40,-3,-1,2,39,27,4,2,2,3
109,1,2,120,-1,-2,80,73,94,4,2,2,81
109,1,3,80,-1,-3,62,59,63,4,2,2,63
109,1,4,60,-1,-1,32,31,29,4,2,2,33
109,1,5,100,-1,-3,75,72,84,4,2,2,76
109,1,6,80,-3,-1,19,69,57,4,2,2,20
109,1,7,60,-2,-1,23,34,43,4,2,2,24
109,1,8,75,-1,-2,62,48,54,4,2,2,63
109,1,9,200,-1,-1,100,111,89,4,2,2,101
109,1,10,90,-1,-3,66,61,87,4,2,2,67
109,1,11,120,-1,-1,57,68,52,4,2,2,58
109,1,12,150,-2,-1,50,106,97,4,2,2,51
109,1,13,90,-3,-1,22,84,62,4,2,2,23
109,1,14,150,-1,-2,98,98,104,4,2,2,99
109,1,15,40,-1,-3,27,28,36,4,2,2,28
109,1,16,100,-1,-1,64,43,57,4,2,2,65
109,1,17,75,-2,-1,22,44,53,4,2,2,23
109,1,18,60,-1,-2,42,35,50,4,2,2,43
109,1,19,100,-3,-1,23,81,73,4,2,2,24
109,1,20,120,-2,-1,45,76,82,4,2,2,46
109,1,1,120,1,2,79,79,82,3,2,1,80
109,1,2,80,3,1,17,84,52,3,2,1,18
109,1,3,120,1,1,43,57,63,3,2,1,44
109,1,4,40,1,3,26,28,36,3,2,1,27
109,1,5,60,1,1,31,36,24,3,2,1,32
109,1,6,40,3,1,7,33,29,3,2,1,8
109,1,7,100,1,3,70,73,81,3,2,1,71
109,1,8,75,1,2,42,49,52,3,2,1,43
109,1,9,90,1,3,67,68,66,3,2,1,68
109,1,10,120,2,1,34,92,74,3,2,1,35
109,1,11,150,1,2,99,92,116,3,2,1,100
109,1,12,100,3,1,15,105,65,3,2,1,16
109,1,13,75,2,1,26,56,47,3,2,1,27
109,1,14,90,3,1,27,72,66,3,2,1,28
109,1,15,200,1,1,110,110,90,3,2,1,111
109,1,16,60,2,1,20,44,38,3,2,1,21
109,1,17,80,1,3,57,49,93,3,2,1,58
109,1,18,60,1,2,38,35,50,3,2,1,39
109,1,19,100,1,1,54,56,44,3,2,1,55
109,1,20,150,2,1,49,98,101,3,2,1,50
110,1,1,120,-1,-1,19,23,97,2,1,2,20
110,1,2,60,-1,-2,13,18,84,2,1,2,14
110,1,3,40,-1,-3,4,14,78,2,1,2,5
110,1,4,150,-1,-2,10,32,236,2,1,2,11
110,1,5,75,-2,-1,11,24,63,2,1,2,12
110,1,6,100,-1,-3,44,31,207,2,1,2,45
110,1,7,120,-2,-1,2,32,104,2,1,2,3
110,1,8,200,-1,-1,18,49,151,2,1,2,19
110,1,9,80,-3,-1,2,39,67,2,1,2,3
110,1,10,100,-1,-1,19,20,80,2,1,2,20
110,1,11,80,-1,-3,26,29,153,2,1,2,27
110,1,12,150,-2,-1,11,60,120,2,1,2,12
110,1,13,90,-3,-1,1,36,78,2,1,2,2
110,1,14,60,-1,-1,23,10,50,2,1,2,24
110,1,15,75,-1,-2,16,13,124,2,1,2,17
110,1,16,90,-1,-3,50,19,213,2,1,2,51
110,1,17,60,-2,-1,3,12,54,2,1,2,4
110,1,18,40,-3,-1,8,15,35,2,1,2,9
110,1,19,120,-1,-2,8,24,192,2,1,2,9
110,1,20,100,-3,-1,15,27,91,2,1,2,16
110,1,1,90,3,1,88,201,23,1,1,1,89
110,1,2,150,1,2,110,134,32,1,1,1,111
110,1,3,60,1,1,33,49,11,1,1,1,34
110,1,4,150,2,1,108,224,38,1,1,1,109
110,1,5,120,1,1,100,100,20,1,1,1,101
110,1,6,80,1,3,60,68,36,1,1,1,61
110,1,7,120,1,2,116,96,48,1,1,1,117
110,1,8,90,1,3,80,81,27,1,1,1,81
110,1,9,60,2,1,45,96,12,1,1,1,46
110,1,10,40,1,3,35,36,12,1,1,1,36
110,1,11,75,2,1,72,110,20,1,1,1,73
110,1,12,100,1,1,90,82,18,1,1,1,91
110,1,13,80,3,1,78,174,22,1,1,1,79
110,1,14,200,1,1,159,166,34,1,1,1,160
110,1,15,60,1,2,48,52,16,1,1,1,49
110,1,16,40,3,1,34,93,9,1,1,1,35
110,1,17,120,2,1,106,176,32,1,1,1,107
110,1,18,100,1,3,98,87,39,1,1,1,99
110,1,19,75,1,2,48,68,14,1,1,1,49
110,1,20,100,3,1,89,228,24,1,1,1,90
110,1,1,120,-1,-2,84,76,88,4,2,2,85
110,1,2,60,-2,-1,15,44,38,4,2,2,16
110,1,3,100,-3,-1,17,72,76,4,2,2,18
110,1,4,90,-1,-3,70,64,78,4,2,2,71
110,1,5,100,-1,-1,42,42,58,4,2,2,43
110,1,6,40,-1,-3,26,31,27,4,2,2,27
110,1,7,80,-3,-1,16,36,68,4,2,2,17
110,1,8,120,-1,-1,60,36,84,4,2,2,61
110,1,9,150,-1,-2,100,100,100,4,2,2,101
110,1,10,200,-1,-1,92,72,128,4,2,2,93
110,1,11,80,-1,-3,58,56,72,4,2,2,59
110,1,12,90,-3,-1,20,42,76,4,2,2,21
110,1,13,120,-2,-1,39,70,85,4,2,2,40
110,1,14,75,-1,-2,48,46,58,4,2,2,49
110,1,15,150,-2,-1,49,98,101,4,2,2,50
110,1,16,60,-1,-2,44,25,70,4,2,2,45
110,1,17,75,-2,-1,21,48,51,4,2,2,22
110,1,18,40,-3,-1,11,33,29,4,2,2,12
110,1,19,60,-1,-1,26,28,32,4,2,2,27
110,1,20,100,-1,-3,85,73,81,4,2,2,86
110,1,1,90,1,3,66,62,84,3,2,1,67
110,1,2,75,2,1,16,56,47,3,2,1,17
110,1,3,100,1,3,75,70,90,3,2,1,76
110,1,4,60,1,2,39,41,38,3,2,1,40
110,1,5,80,3,1,29,78,54,3,2,1,30
110,1,6,200,1,1,97,114,86,3,2,1,98
110,1,7,120,2,1,38,104,68,3,2,1,39
110,1,8,100,1,1,49,55,45,3,2,1,50
110,1,9,40,1,3,32,28,36,3,2,1,33
110,1,10,75,1,2,46,50,50,3,2,1,47
110,1,11,90,3,1,19,78,64,3,2,1,20
110,1,12,150,1,2,97,94,112,3,2,1,98
110,1,13,120,1,1,51,69,51,3,2,1,52
110,1,14,100,3,1,33,72,76,3,2,1,34
110,1,15,60,1,1,23,32,28,3,2,1,24
110,1,16,80,1,3,60,55,75,3,2,1,61
110,1,17,40,3,1,8,36,28,3,2,1,9
110,1,18,150,2,1,63,102,99,3,2,1,64
110,1,19,120,1,2,83,79,82,3,2,1,84
110,1,20,60,2,1,30,40,40,3,2,1,31
111,1,1,90,-3,-1,18,21,83,2,1,2,19
111,1,2,150,-1,-2,33,37,226,2,1,2,34
111,1,3,60,-1,-1,4,10,50,2,1,2,5
111,1,4,150,-2,-1,5,30,135,2,1,2,6
111,1,5,120,-1,-1,14,13,107,2,1,2,15
111,1,6,80,-1,-3,26,27,159,2,1,2,27
111,1,7,120,-1,-2,21,35,170,2,1,2,22
111,1,8,90,-1,-3,23,10,240,2,1,2,24
111,1,9,60,-2,-1,40,30,45,2,1,2,41
111,1,10,40,-1,-3,1,6,102,2,1,2,2
111,1,11,75,-2,-1,8,14,68,2,1,2,9
111,1,12,100,-1,-1,11,12,88,2,1,2,12
111,1,13,80,-3,-1,4,18,74,2,1,2,5
111,1,14,200,-1,-1,1,17,183,2,1,2,2
111,1,15,60,-1,-2,13,12,96,2,1,2,14
111,1,16,40,-3,-1,6,15,35,2,1,2,7
111,1,17,120,-2,-1,9,30,105,2,1,2,10
111,1,18,100,-1,-3,19,31,207,2,1,2,20
111,1,19,75,-1,-2,4,21,108,2,1,2,5
111,1,20,100,-3,-1,2,54,82,2,1,2,3
111,1,1,120,1,2,108,110,20,1,1,1,109
111,1,2,60,2,1,51,96,12,1,1,1,52
111,1,3,100,3,1,87,237,21,1,1,1,88
111,1,4,90,1,3,64,79,33,1,1,1,65
111,1,5,100,1,1,67,86,14,1,1,1,68
111,1,6,40,1,3,26,36,12,1,1,1,27
111,1,7,80,3,1,62,204,12,1,1,1,63
111,1,8,120,1,1,114,106,14,1,1,1,115
111,1,9,150,1,2,137,137,26,1,1,1,138
111,1,10,200,1,1,195,173,27,1,1,1,196
111,1,11,80,1,3,76,73,21,1,1,1,77
111,1,12,90,3,1,88,216,18,1,1,1,89
111,1,13,120,2,1,91,198,21,1,1,1,92
111,1,14,75,1,2,73,67,16,1,1,1,74
111,1,15,150,2,1,150,258,21,1,1,1,151
111,1,16,60,1,2,55,53,14,1,1,1,56
111,1,17,75,2,1,71,132,9,1,1,1,72
111,1,18,40,3,1,40,102,6,1,1,1,41
111,1,19,60,1,1,58,52,8,1,1,1,59
111,1,20,100,1,3,76,94,18,1,1,1,77
111,1,1,75,-2,-1,24,52,49,4,2,2,25
111,1,2,120,-1,-2,87,83,74,4,2,2,88
111,1,3,100,-3,-1,21,75,75,4,2,2,22
111,1,4,60,-1,-2,36,41,38,4,2,2,37
111,1,5,90,-1,-3,69,67,69,4,2,2,70
111,1,6,150,-2,-1,44,94,103,4,2,2,45
111,1,7,40,-1,-3,28,27,39,4,2,2,29
111,1,8,80,-3,-1,19,66,58,4,2,2,20
111,1,9,100,-1,-1,57,45,55,4,2,2,58
111,1,10,80,-1,-3,60,48,96,4,2,2,61
111,1,11,150,-1,-2,95,102,96,4,2,2,96
111,1,12,120,-2,-1,38,88,76,4,2,2,39
111,1,13,200,-1,-1,104,84,116,4,2,2,105
111,1,14,40,-3,-1,12,33,29,4,2,2,13
111,1,15,60,-1,-1,35,27,33,4,2,2,36
111,1,16,75,-1,-2,48,46,58,4,2,2,49
111,1,17,120,-1,-1,36,48,72,4,2,2,37
111,1,18,60,-2,-1,16,42,39,4,2,2,17
111,1,19,100,-1,-3,77,74,78,4,2,2,78
111,1,20,90,-3,-1,27,78,64,4,2,2,28
111,1,1,120,1,1,72,52,68,3,2,1,73
111,1,2,60,1,2,49,40,40,3,2,1,50
111,1,3,40,1,3,27,32,24,3,2,1,28
111,1,4,150,1,2,95,103,94,3,2,1,96
111,1,5,75,2,1,16,104,23,3,2,1,17
111,1,6,100,1,3,73,57,129,3,2,1,74
111,1,7,120,2,1,45,92,74,3,2,1,46
111,1,8,200,1,1,94,96,104,3,2,1,95
111,1,9,80,3,1,27,51,63,3,2,1,28
111,1,10,100,1,1,87,44,56,3,2,1,88
111,1,11,80,1,3,59,52,84,3,2,1,60
111,1,12,150,2,1,41,98,101,3,2,1,42
111,1,13,90,3,1,27,99,57,3,2,1,28
111,1,14,60,1,1,46,36,24,3,2,1,47
111,1,15,75,1,2,42,43,64,3,2,1,43
111,1,16,90,1,3,67,62,84,3,2,1,68
111,1,17,60,2,1,31,36,42,3,2,1,32
111,1,18,40,3,1,9,30,30,3,2,1,10
111,1,19,120,1,2,93,82,76,3,2,1,94
111,1,20,100,3,1,34,78,74,3,2,1,35
112,1,1,150,-2,-1,1,40,130,2,1,2,2
112,1,2,40,-3,-1,1,18,34,2,1,2,2
112,1,3,60,-1,-1,9,9,51,2,1,2,10
112,1,4,150,-1,-2,0,26,248,2,1,2,1
112,1,5,90,-1,-3,3,22,204,2,1,2,4
112,1,6,75,-2,-1,4,22,64,2,1,2,5
112,1,7,100,-1,-3,22,15,255,2,1,2,23
112,1,8,120,-1,-2,33,38,164,2,1,2,34
112,1,9,40,-1,-3,14,11,87,2,1,2,15
112,1,10,60,-2,-1,4,22,49,2,1,2,5
112,1,11,120,-1,-1,57,18,102,2,1,2,58
112,1,12,100,-3,-1,10,27,91,2,1,2,11
112,1,13,80,-1,-3,2,20,180,2,1,2,3
112,1,14,100,-1,-1,15,24,76,2,1,2,16
112,1,15,60,-1,-2,31,19,82,2,1,2,32
112,1,16,120,-2,-1,4,18,111,2,1,2,5
112,1,17,200,-1,-1,34,9,191,2,1,2,35
112,1,18,90,-3,-1,1,18,84,2,1,2,2
112,1,19,75,-1,-2,0,5,140,2,1,2,1
112,1,20,80,-3,-1,3,36,68,2,1,2,4
112,1,1,60,2,1,27,94,13,1,1,1,28
112,1,2,90,1,3,90,78,36,1,1,1,91
112,1,3,120,1,2,100,98,44,1,1,1,101
112,1,4,40,3,1,18,84,12,1,1,1,19
112,1,5,100,1,3,84,89,33,1,1,1,85
112,1,6,90,3,1,82,189,27,1,1,1,83
112,1,7,150,2,1,90,240,30,1,1,1,91
112,1,8,75,1,2,75,64,22,1,1,1,76
112,1,9,120,2,1,96,196,22,1,1,1,97
112,1,10,80,3,1,79,195,15,1,1,1,80
112,1,11,150,1,2,142,129,42,1,1,1,143
112,1,12,120,1,1,112,97,23,1,1,1,113
112,1,13,40,1,3,29,35,15,1,1,1,30
112,1,14,200,1,1,117,170,30,1,1,1,118
112,1,15,100,3,1,80,219,27,1,1,1,81
112,1,16,60,1,1,43,48,12,1,1,1,44
112,1,17,75,2,1,47,110,20,1,1,1,48
112,1,18,100,1,1,88,82,18,1,1,1,89
112,1,19,80,1,3,52,66,42,1,1,1,53
112,1,20,60,1,2,52,51,18,1,1,1,53
112,1,1,80,-1,-3,58,64,48,4,2,2,59
112,1,2,75,-1,-2,48,54,42,4,2,2,49
112,1,3,60,-2,-1,21,44,38,4,2,2,22
112,1,4,40,-1,-3,24,32,24,4,2,2,25
112,1,5,100,-1,-1,51,50,50,4,2,2,52
112,1,6,60,-1,-2,47,40,40,4,2,2,48
112,1,7,120,-2,-1,35,82,79,4,2,2,36
112,1,8,100,-1,-3,80,72,84,4,2,2,81
112,1,9,200,-1,-1,77,92,108,4,2,2,78
112,1,10,150,-1,-2,103,93,114,4,2,2,104
112,1,11,90,-3,-1,20,78,64,4,2,2,21
112,1,12,75,-2,-1,29,46,52,4,2,2,30
112,1,13,60,-1,-1,31,32,28,4,2,2,32
112,1,14,80,-3,-1,20,54,62,4,2,2,21
112,1,15,150,-2,-1,51,96,102,4,2,2,52
112,1,16,100,-3,-1,27,72,76,4,2,2,28
112,1,17,120,-1,-1,60,53,67,4,2,2,61
112,1,18,40,-3,-1,11,27,31,4,2,2,12
112,1,19,90,-1,-3,69,63,81,4,2,2,70
112,1,20,120,-1,-2,80,83,74,4,2,2,81
112,1,1,80,3,1,25,78,54,3,2,1,26
112,1,2,100,1,1,49,57,43,3,2,1,50
112,1,3,75,1,2,52,52,46,3,2,1,53
112,1,4,60,1,1,31,34,26,3,2,1,32
112,1,5,150,1,2,103,93,114,3,2,1,104
112,1,6,75,2,1,22,58,46,3,2,1,23
112,1,7,200,1,1,106,113,87,3,2,1,107
112,1,8,100,3,1,32,81,73,3,2,1,33
112,1,10,40,3,1,13,45,25,3,2,1,14
112,1,11,150,2,1,44,98,101,3,2,1,45
112,1,12,100,1,3,75,71,87,3,2,1,76
112,1,13,60,2,1,22,46,37,3,2,1,23
112,1,14,120,1,2,84,81,78,3,2,1,85
112,1,15,90,3,1,22,90,60,3,2,1,23
112,1,16,120,2,1,41,80,80,3,2,1,42
112,1,17,60,1,2,38,36,48,3,2,1,39
112,1,18,90,1,3,66,67,69,3,2,1,67
112,1,19,120,1,1,60,52,68,3,2,1,61
112,1,20,40,1,3,30,29,33,3,2,1,31
113,1,1,60,-1,-2,22,3,114,2,1,2,23
113,1,2,200,-1,-1,10,36,164,2,1,2,11
113,1,3,80,-1,-3,50,27,159,2,1,2,51
113,1,4,100,-3,-1,12,33,89,2,1,2,13
113,1,5,40,-1,-3,32,7,99,2,1,2,33
113,1,6,150,-2,-1,5,26,137,2,1,2,6
113,1,8,100,-1,-3,3,9,273,2,1,2,4
113,1,9,60,-2,-1,3,10,55,2,1,2,4
113,1,10,120,-1,-1,0,6,114,2,1,2,1
113,1,11,90,-1,-3,13,10,240,2,1,2,14
113,1,12,75,-1,-2,6,26,98,2,1,2,7
113,1,13,80,-3,-1,1,45,65,2,1,2,2
113,1,14,60,-1,-1,29,17,43,2,1,2,30
113,1,15,120,-2,-1,1,38,101,2,1,2,2
113,1,16,100,-1,-1,29,31,69,2,1,2,30
113,1,17,75,-2,-1,8,30,60,2,1,2,9
113,1,18,90,-3,-1,6,36,78,2,1,2,7
113,1,19,150,-1,-2,0,19,262,2,1,2,1
113,1,20,40,-3,-1,6,18,34,2,1,2,7
113,1,1,40,3,1,21,111,3,1,1,1,22
113,1,2,90,1,3,83,88,6,1,1,1,84
113,1,3,120,2,1,114,218,11,1,1,1,115
113,1,4,60,1,2,58,56,8,1,1,1,59
113,1,5,200,1,1,182,195,5,1,1,1,183
113,1,6,100,1,3,99,96,12,1,1,1,100
113,1,7,60,1,1,54,56,4,1,1,1,55
113,1,8,150,2,1,149,292,4,1,1,1,150
113,1,9,40,1,3,29,37,9,1,1,1,30
113,1,10,100,1,1,98,98,2,1,1,1,99
113,1,11,150,1,2,147,146,8,1,1,1,148
113,1,12,90,3,1,83,261,3,1,1,1,84
113,1,13,60,2,1,56,112,4,1,1,1,57
113,1,14,100,3,1,98,291,3,1,1,1,99
113,1,15,75,2,1,73,144,3,1,1,1,74
113,1,16,80,3,1,79,228,4,1,1,1,80
113,1,17,120,1,2,111,116,8,1,1,1,112
113,1,18,80,1,3,78,75,15,1,1,1,79
113,1,19,75,1,2,69,73,4,1,1,1,70
113,1,20,120,1,1,113,116,4,1,1,1,114
113,1,1,120,-2,-1,43,80,80,4,2,2,44
113,1,2,40,-3,-1,7,30,30,4,2,2,8
113,1,3,60,-2,-1,20,40,40,4,2,2,21
113,1,4,120,-1,-2,79,77,86,4,2,2,80
113,1,5,80,-1,-3,61,59,63,4,2,2,62
113,1,6,150,-1,-2,100,97,106,4,2,2,101
113,1,7,60,-1,-1,47,33,27,4,2,2,48
113,1,8,150,-2,-1,46,100,100,4,2,2,47
113,1,9,120,-1,-1,60,67,53,4,2,2,61
113,1,10,90,-3,-1,24,69,67,4,2,2,25
113,1,11,200,-1,-1,91,91,109,4,2,2,92
113,1,12,60,-1,-2,43,39,42,4,2,2,44
113,1,13,100,-1,-1,47,51,49,4,2,2,48
113,1,14,40,-1,-3,30,30,30,4,2,2,31
113,1,15,80,-3,-1,23,78,54,4,2,2,24
113,1,16,75,-2,-1,22,48,51,4,2,2,23
113,1,17,100,-1,-3,75,72,84,4,2,2,76
113,1,18,75,-1,-2,50,49,52,4,2,2,51
113,1,19,90,-1,-3,65,65,75,4,2,2,66
113,1,20,100,-3,-1,23,78,74,4,2,2,24
113,1,1,80,1,3,55,61,57,3,2,1,56
113,1,2,200,1,1,100,92,108,3,2,1,101
113,1,3,80,3,1,21,66,58,3,2,1,22
113,1,4,120,1,2,82,84,72,3,2,1,83
113,1,5,40,1,3,24,30,30,3,2,1,25
113,1,6,60,1,1,24,31,29,3,2,1,25
113,1,7,120,2,1,42,80,80,3,2,1,43
113,1,8,100,1,1,46,47,53,3,2,1,47
113,1,9,150,1,2,103,100,100,3,2,1,104
113,1,10,100,1,3,75,74,78,3,2,1,76
113,1,11,75,1,2,52,52,46,3,2,1,53
113,1,12,120,1,1,53,59,61,3,2,1,54
113,1,13,75,2,1,24,50,50,3,2,1,25
113,1,14,90,3,1,23,66,68,3,2,1,24
113,1,15,60,2,1,19,36,42,3,2,1,20
113,1,16,40,3,1,11,27,31,3,2,1,12
113,1,17,150,2,1,51,96,102,3,2,1,52
113,1,18,60,1,2,39,40,40,3,2,1,40
113,1,19,100,3,1,26,84,72,3,2,1,27
113,1,20,90,1,3,68,60,90,3,2,1,69
115,1,1,120,-2,-1,29,46,97,2,1,2,30
115,1,2,100,-1,-3,40,43,171,2,1,2,41
115,1,3,200,-1,-1,12,60,140,2,1,2,13
115,1,4,90,-3,-1,5,48,74,2,1,2,6
115,1,5,150,-1,-2,17,46,208,2,1,2,18
115,1,6,75,-2,-1,17,16,67,2,1,2,18
115,1,7,90,-1,-3,7,16,222,2,1,2,8
115,1,8,120,-1,-2,19,33,174,2,1,2,20
115,1,9,100,-3,-1,15,36,88,2,1,2,16
115,1,10,75,-1,-2,17,16,118,2,1,2,18
115,1,11,60,-2,-1,27,16,52,2,1,2,28
115,1,12,80,-3,-1,12,27,71,2,1,2,13
115,1,13,150,-2,-1,2,46,127,2,1,2,3
115,1,14,60,-1,-2,12,14,92,2,1,2,13
115,1,15,100,-1,-1,41,21,79,2,1,2,42
115,1,16,40,-1,-3,7,11,87,2,1,2,8
115,1,17,120,-1,-1,44,31,89,2,1,2,45
115,1,18,80,-1,-3,22,23,171,2,1,2,23
115,1,19,40,-3,-1,4,12,36,2,1,2,5
115,1,20,60,-1,-1,21,14,46,2,1,2,22
115,1,1,60,1,2,57,51,18,1,1,1,58
115,1,2,75,2,1,68,118,16,1,1,1,69
115,1,3,120,1,1,106,100,20,1,1,1,107
115,1,4,100,1,3,84,90,30,1,1,1,85
115,1,5,60,1,1,57,51,9,1,1,1,58
115,1,6,120,1,2,80,102,36,1,1,1,81
115,1,7,80,1,3,74,69,33,1,1,1,75
115,1,8,90,3,1,90,222,16,1,1,1,91
115,1,9,40,1,3,33,36,12,1,1,1,34
115,1,10,100,1,1,67,82,18,1,1,1,68
115,1,11,60,2,1,40,100,10,1,1,1,41
115,1,12,150,1,2,146,128,44,1,1,1,147
115,1,13,40,3,1,22,96,8,1,1,1,23
115,1,14,120,2,1,115,178,31,1,1,1,116
115,1,15,100,3,1,72,237,21,1,1,1,73
115,1,16,75,1,2,70,66,18,1,1,1,71
115,1,17,200,1,1,184,166,34,1,1,1,185
115,1,18,90,1,3,71,77,39,1,1,1,72
115,1,19,150,2,1,144,238,31,1,1,1,145
115,1,20,80,3,1,79,192,16,1,1,1,80
115,1,1,80,-1,-3,55,54,78,4,2,2,56
115,1,2,60,-1,-2,39,41,38,4,2,2,40
115,1,3,200,-1,-1,101,95,105,4,2,2,102
115,1,4,60,-2,-1,20,42,39,4,2,2,21
115,1,5,120,-1,-1,56,55,65,4,2,2,57
115,1,6,90,-1,-3,68,69,63,4,2,2,69
115,1,7,60,-1,-1,30,37,23,4,2,2,31
115,1,8,150,-1,-2,104,103,94,4,2,2,105
115,1,9,80,-3,-1,13,75,55,4,2,2,14
115,1,10,75,-1,-2,47,48,54,4,2,2,48
115,1,11,100,-3,-1,26,78,74,4,2,2,27
115,1,12,120,-2,-1,39,76,82,4,2,2,40
115,1,13,100,-1,-3,75,73,81,4,2,2,76
115,1,14,150,-2,-1,46,90,105,4,2,2,47
115,1,15,40,-1,-3,30,26,42,4,2,2,31
115,1,16,75,-2,-1,23,58,46,4,2,2,24
115,1,17,40,-3,-1,13,48,24,4,2,2,14
115,1,18,120,-1,-2,85,75,90,4,2,2,86
115,1,19,90,-3,-1,23,87,61,4,2,2,24
115,1,20,100,-1,-1,42,46,54,4,2,2,43
115,1,1,90,3,1,17,81,63,3,2,1,18
115,1,2,200,1,1,103,96,104,3,2,1,104
115,1,3,40,3,1,9,36,28,3,2,1,10
115,1,4,120,1,1,61,56,64,3,2,1,62
115,1,5,150,2,1,46,96,102,3,2,1,47
115,1,6,80,1,3,61,56,72,3,2,1,62
115,1,7,150,1,2,101,56,188,3,2,1,102
115,1,8,40,1,3,34,24,48,3,2,1,35
115,1,9,75,2,1,24,56,47,3,2,1,25
115,1,10,80,3,1,16,75,55,3,2,1,17
115,1,11,60,1,2,46,38,44,3,2,1,47
115,1,12,90,1,3,72,64,78,3,2,1,73
115,1,13,120,1,2,83,79,82,3,2,1,84
115,1,14,100,1,3,84,72,84,3,2,1,85
115,1,15,75,1,2,51,52,46,3,2,1,52
115,1,16,100,3,1,24,66,78,3,2,1,25
115,1,17,60,2,1,23,44,38,3,2,1,24
115,1,18,100,1,1,45,54,46,3,2,1,46
115,1,19,120,2,1,39,84,78,3,2,1,40
115,1,20,60,1,1,53,27,33,3,2,1,54
117,1,1,60,-2,-1,15,8,56,2,1,2,16
117,1,2,90,-1,-3,6,7,249,2,1,2,7
117,1,3,120,-1,-2,3,11,218,2,1,2,4
117,1,4,40,-3,-1,2,9,37,2,1,2,3
117,1,5,100,-1,-3,7,41,177,2,1,2,8
117,1,7,150,-2,-1,11,20,140,2,1,2,12
117,1,8,75,-1,-2,9,7,136,2,1,2,10
117,1,9,120,-2,-1,9,10,115,2,1,2,10
117,1,10,80,-3,-1,3,9,77,2,1,2,4
117,1,11,150,-1,-2,41,7,286,2,1,2,42
117,1,12,120,-1,-1,25,5,115,2,1,2,26
117,1,13,40,-1,-3,3,9,93,2,1,2,4
117,1,14,200,-1,-1,1,6,194,2,1,2,2
117,1,15,100,-3,-1,7,12,96,2,1,2,8
117,1,16,60,-1,-1,10,19,41,2,1,2,11
117,1,17,75,-2,-1,5,16,67,2,1,2,6
117,1,18,100,-1,-1,3,21,79,2,1,2,4
117,1,19,80,-1,-3,26,8,216,2,1,2,27
117,1,20,60,-1,-2,6,10,100,2,1,2,7
117,1,1,60,1,2,60,51,18,1,1,1,61
117,1,2,75,2,1,73,116,17,1,1,1,74
117,1,3,120,1,1,92,105,15,1,1,1,93
117,1,6,120,1,2,113,112,16,1,1,1,114
117,1,7,80,1,3,68,75,15,1,1,1,69
117,1,8,90,3,1,85,240,10,1,1,1,86
117,1,9,40,1,3,40,38,6,1,1,1,41
117,1,10,100,1,1,96,95,5,1,1,1,97
117,1,12,150,1,2,124,140,20,1,1,1,125
117,1,13,40,3,1,35,105,5,1,1,1,36
117,1,14,120,2,1,106,232,4,1,1,1,107
117,1,15,100,3,1,87,276,8,1,1,1,88
117,1,16,75,1,2,54,74,2,1,1,1,55
117,1,17,200,1,1,197,185,15,1,1,1,198
117,1,18,90,1,3,75,87,9,1,1,1,76
117,1,19,150,2,1,122,238,31,1,1,1,123
117,1,20,80,3,1,79,201,13,1,1,1,80
117,1,1,90,-3,-1,24,66,68,4,2,2,25
117,1,2,200,-1,-1,106,105,95,4,2,2,107
117,1,3,40,-3,-1,10,30,30,4,2,2,11
117,1,4,120,-1,-1,66,60,60,4,2,2,67
117,1,6,80,-1,-3,63,61,57,4,2,2,64
117,1,7,150,-1,-2,100,102,96,4,2,2,101
117,1,8,40,-1,-3,30,30,30,4,2,2,31
117,1,9,75,-2,-1,19,50,50,4,2,2,20
117,1,10,80,-3,-1,21,57,61,4,2,2,22
117,1,11,60,-1,-2,44,41,38,4,2,2,45
117,1,12,90,-1,-3,68,66,72,4,2,2,69
117,1,13,120,-1,-2,82,80,80,4,2,2,83
117,1,14,100,-1,-3,75,70,90,4,2,2,76
117,1,15,75,-1,-2,58,51,48,4,2,2,59
117,1,16,100,-3,-1,25,72,76,4,2,2,26
117,1,17,60,-2,-1,20,40,40,4,2,2,21
117,1,18,100,-1,-1,60,46,54,4,2,2,61
117,1,19,120,-2,-1,40,74,83,4,2,2,41
117,1,20,60,-1,-1,26,30,30,4,2,2,27
117,1,1,80,1,3,60,39,123,3,2,1,61
117,1,2,60,1,2,39,38,44,3,2,1,40
117,1,3,200,1,1,91,76,124,3,2,1,92
117,1,4,60,2,1,18,44,38,3,2,1,19
117,1,5,120,1,1,62,55,65,3,2,1,63
117,1,6,90,1,3,63,68,66,3,2,1,64
117,1,7,60,1,1,42,31,29,3,2,1,43
117,1,8,150,1,2,91,99,102,3,2,1,92
117,1,9,80,3,1,16,75,55,3,2,1,17
117,1,10,75,1,2,52,48,54,3,2,1,53
117,1,11,100,3,1,28,69,77,3,2,1,29
117,1,12,120,2,1,42,82,79,3,2,1,43
117,1,14,150,2,1,55,100,100,3,2,1,56
117,1,15,40,1,3,30,31,27,3,2,1,31
117,1,16,75,2,1,24,52,49,3,2,1,25
117,1,17,40,3,1,9,30,30,3,2,1,10
117,1,18,120,1,2,80,80,80,3,2,1,81
117,1,19,90,3,1,23,72,66,3,2,1,24
117,1,20,100,1,1,44,52,48,3,2,1,45
119,1,1,80,-1,-3,2,18,186,2,1,2,3
119,1,2,75,-1,-2,1,16,118,2,1,2,2
119,1,3,60,-2,-1,1,12,54,2,1,2,2
119,1,4,40,-1,-3,4,5,105,2,1,2,5
119,1,5,100,-1,-1,12,17,83,2,1,2,13
119,1,6,60,-1,-2,11,6,108,2,1,2,12
119,1,7,120,-2,-1,15,22,109,2,1,2,16
119,1,8,100,-1,-3,9,8,276,2,1,2,10
119,1,9,200,-1,-1,31,21,179,2,1,2,32
119,1,10,150,-1,-2,14,14,272,2,1,2,15
119,1,11,90,-3,-1,12,15,85,2,1,2,13
119,1,12,75,-2,-1,12,18,66,2,1,2,13
119,1,13,60,-1,-1,15,4,56,2,1,2,16
119,1,14,80,-3,-1,16,12,76,2,1,2,17
119,1,15,150,-2,-1,38,18,141,2,1,2,39
119,1,16,100,-3,-1,0,15,95,2,1,2,1
119,1,17,120,-1,-1,26,15,105,2,1,2,27
119,1,18,40,-3,-1,3,9,37,2,1,2,4
119,1,19,90,-1,-3,2,13,231,2,1,2,3
119,1,20,120,-1,-2,1,8,224,2,1,2,2
119,1,1,60,1,1,39,55,5,1,1,1,40
119,1,2,80,1,3,73,77,9,1,1,1,74
119,1,3,90,3,1,87,243,9,1,1,1,88
119,1,4,100,1,3,94,94,18,1,1,1,95
119,1,5,120,1,1,83,109,11,1,1,1,84
119,1,6,80,3,1,79,216,8,1,1,1,80
119,1,7,75,2,1,61,132,9,1,1,1,62
119,1,8,90,1,3,71,86,12,1,1,1,72
119,1,9,120,1,2,101,110,20,1,1,1,102
119,1,10,100,1,1,100,91,9,1,1,1,101
119,1,11,120,2,1,117,202,19,1,1,1,118
119,1,12,100,3,1,98,255,15,1,1,1,99
119,1,13,60,1,2,44,51,18,1,1,1,45
119,1,14,150,2,1,145,244,28,1,1,1,146
119,1,15,40,3,1,37,102,6,1,1,1,38
119,1,16,150,1,2,149,133,34,1,1,1,150
119,1,17,40,1,3,34,36,12,1,1,1,35
119,1,18,60,2,1,60,94,13,1,1,1,61
119,1,19,75,1,2,66,70,10,1,1,1,67
119,1,20,200,1,1,161,179,21,1,1,1,162
119,1,1,60,-2,-1,13,42,39,4,2,2,14
119,1,2,90,-1,-3,59,64,78,4,2,2,60
119,1,3,120,-1,-2,80,79,82,4,2,2,81
119,1,4,40,-3,-1,13,42,26,4,2,2,14
119,1,5,100,-1,-3,75,72,84,4,2,2,76
119,1,6,90,-3,-1,21,81,63,4,2,2,22
119,1,7,150,-2,-1,45,104,98,4,2,2,46
119,1,8,75,-1,-2,56,47,56,4,2,2,57
119,1,9,120,-2,-1,29,92,74,4,2,2,30
119,1,10,80,-3,-1,19,72,56,4,2,2,20
119,1,11,150,-1,-2,97,93,114,4,2,2,98
119,1,12,120,-1,-1,54,63,57,4,2,2,55
119,1,13,40,-1,-3,39,26,42,4,2,2,40
119,1,14,200,-1,-1,104,97,103,4,2,2,105
119,1,15,100,-3,-1,37,90,70,4,2,2,38
119,1,16,60,-1,-1,26,23,37,4,2,2,27
119,1,17,75,-2,-1,29,54,48,4,2,2,30
119,1,18,100,-1,-1,41,47,53,4,2,2,42
119,1,20,60,-1,-2,42,38,44,4,2,2,43
119,1,1,150,2,1,45,94,103,3,2,1,46
119,1,2,40,3,1,8,39,27,3,2,1,9
119,1,3,60,1,1,24,23,37,3,2,1,25
119,1,4,150,1,2,100,92,116,3,2,1,101
119,1,5,90,1,3,71,65,75,3,2,1,72
119,1,6,75,2,1,21,56,47,3,2,1,22
119,1,7,100,1,3,75,73,81,3,2,1,76
119,1,8,120,1,2,82,83,74,3,2,1,83
119,1,9,40,1,3,28,28,36,3,2,1,29
119,1,10,60,2,1,33,48,36,3,2,1,34
119,1,11,120,1,1,64,54,66,3,2,1,65
119,1,12,100,3,1,30,81,73,3,2,1,31
119,1,13,80,1,3,61,58,66,3,2,1,62
119,1,14,100,1,1,53,56,44,3,2,1,54
119,1,15,60,1,2,43,39,42,3,2,1,44
119,1,16,120,2,1,29,86,77,3,2,1,30
119,1,17,200,1,1,97,107,93,3,2,1,98
119,1,18,90,3,1,20,78,64,3,2,1,21
119,1,19,75,1,2,52,47,56,3,2,1,53
119,1,20,80,3,1,21,75,55,3,2,1,22
121,1,1,60,-1,-2,17,8,104,2,1,2,18
121,1,2,90,-3,-1,1,24,82,2,1,2,2
121,1,3,100,-1,-3,4,38,186,2,1,2,5
121,1,4,200,-1,-1,40,35,165,2,1,2,41
121,1,5,80,-1,-3,1,31,147,2,1,2,2
121,1,6,75,-2,-1,26,16,67,2,1,2,27
121,1,7,100,-1,-1,1,14,86,2,1,2,2
121,1,8,90,-1,-3,19,41,147,2,1,2,20
121,1,9,75,-1,-2,46,25,100,2,1,2,47
121,1,10,60,-2,-1,0,12,54,2,1,2,1
121,1,11,40,-1,-3,29,12,84,2,1,2,30
121,1,12,120,-2,-1,7,28,106,2,1,2,8
121,1,13,40,-3,-1,8,9,37,2,1,2,9
121,1,14,60,-1,-1,2,11,49,2,1,2,3
121,1,15,150,-2,-1,1,20,140,2,1,2,2
121,1,16,120,-1,-1,22,23,97,2,1,2,23
121,1,17,100,-3,-1,6,27,91,2,1,2,7
121,1,18,150,-1,-2,25,39,222,2,1,2,26
121,1,19,80,-3,-1,14,18,74,2,1,2,15
121,1,20,120,-1,-2,5,32,176,2,1,2,6
121,1,1,120,1,1,77,107,13,1,1,1,78
121,1,2,60,2,1,19,102,9,1,1,1,20
121,1,3,100,3,1,93,201,33,1,1,1,94
121,1,4,120,2,1,111,134,53,1,1,1,112
121,1,5,100,1,3,80,87,39,1,1,1,81
121,1,6,150,2,1,144,190,55,1,1,1,145
121,1,7,75,1,2,54,68,14,1,1,1,55
121,1,8,60,1,1,60,47,13,1,1,1,61
121,1,9,80,1,3,70,72,24,1,1,1,71
121,1,10,120,1,2,84,102,36,1,1,1,85
121,1,11,75,2,1,40,92,29,1,1,1,41
121,1,12,40,3,1,16,75,15,1,1,1,17
121,1,13,90,1,3,68,83,21,1,1,1,69
121,1,14,60,1,2,50,52,16,1,1,1,51
121,1,15,40,1,3,28,38,6,1,1,1,29
121,1,16,200,1,1,164,161,39,1,1,1,165
121,1,17,80,3,1,66,177,21,1,1,1,67
121,1,18,100,1,1,72,84,16,1,1,1,73
121,1,19,90,3,1,84,150,40,1,1,1,85
121,1,20,150,1,2,102,128,44,1,1,1,103
121,1,1,80,-3,-1,18,60,60,4,2,2,19
121,1,2,100,-1,-1,55,43,57,4,2,2,56
121,1,3,150,-1,-2,100,96,108,4,2,2,101
121,1,4,100,-1,-3,82,72,84,4,2,2,83
121,1,5,120,-1,-2,80,82,76,4,2,2,81
121,1,6,40,-1,-3,30,27,39,4,2,2,31
121,1,7,100,-3,-1,25,81,73,4,2,2,26
121,1,8,120,-2,-1,27,88,76,4,2,2,28
121,1,9,75,-1,-2,51,47,56,4,2,2,52
121,1,10,90,-1,-3,65,65,75,4,2,2,66
121,1,11,200,-1,-1,105,104,96,4,2,2,106
121,1,12,40,-3,-1,10,27,31,4,2,2,11
121,1,13,120,-1,-1,58,66,54,4,2,2,59
121,1,14,75,-2,-1,26,42,54,4,2,2,27
121,1,15,60,-1,-1,30,34,26,4,2,2,31
121,1,16,90,-3,-1,30,69,67,4,2,2,31
121,1,17,60,-1,-2,38,38,44,4,2,2,39
121,1,18,150,-2,-1,42,102,99,4,2,2,43
121,1,19,80,-1,-3,66,58,66,4,2,2,67
121,1,20,60,-2,-1,21,44,38,4,2,2,22
121,1,1,90,1,3,74,66,72,3,2,1,75
121,1,2,60,1,2,37,42,36,3,2,1,38
121,1,4,90,3,1,20,45,75,3,2,1,21
121,1,5,150,2,1,30,92,104,3,2,1,31
121,1,6,40,3,1,6,39,27,3,2,1,7
121,1,7,100,1,3,66,72,84,3,2,1,67
121,1,8,150,1,2,100,98,104,3,2,1,101
121,1,10,200,1,1,89,92,108,3,2,1,90
121,1,11,40,1,3,35,26,42,3,2,1,36
121,1,12,80,3,1,21,69,57,3,2,1,22
121,1,13,75,2,1,28,44,53,3,2,1,29
121,1,14,120,1,1,58,53,67,3,2,1,59
121,1,15,60,2,1,27,46,37,3,2,1,28
121,1,16,120,1,2,80,76,88,3,2,1,81
121,1,17,80,1,3,59,58,66,3,2,1,60
121,1,18,100,1,1,49,56,44,3,2,1,50
121,1,19,75,1,2,56,46,58,3,2,1,57
121,1,20,60,1,1,29,33,27,3,2,1,30
123,1,1,80,-1,-3,42,6,222,2,1,2,43
123,1,2,75,-1,-2,1,4,142,2,1,2,2
123,1,3,60,-2,-1,9,8,56,2,1,2,10
123,1,4,40,-1,-3,16,4,108,2,1,2,17
123,1,5,100,-1,-1,3,17,83,2,1,2,4
123,1,6,60,-1,-2,43,3,114,2,1,2,44
123,1,7,120,-2,-1,26,8,116,2,1,2,27
123,1,8,100,-1,-3,30,14,258,2,1,2,31
123,1,9,200,-1,-1,26,3,197,2,1,2,27
123,1,10,150,-1,-2,2,3,294,2,1,2,3
123,1,11,90,-3,-1,10,21,83,2,1,2,11
123,1,12,75,-2,-1,4,4,73,2,1,2,5
123,1,13,60,-1,-1,14,2,58,2,1,2,15
123,1,14,80,-3,-1,18,12,76,2,1,2,19
123,1,15,150,-2,-1,5,12,144,2,1,2,6
123,1,16,100,-3,-1,2,9,97,2,1,2,3
123,1,17,120,-1,-1,11,5,115,2,1,2,12
123,1,18,40,-3,-1,1,6,38,2,1,2,2
123,1,19,90,-1,-3,10,28,186,2,1,2,11
123,1,20,120,-1,-2,5,8,224,2,1,2,6
123,1,1,60,1,1,45,56,4,1,1,1,46
123,1,2,80,1,3,73,77,9,1,1,1,74
123,1,3,90,3,1,89,243,9,1,1,1,90
123,1,4,100,1,3,75,96,12,1,1,1,76
123,1,5,120,1,1,85,116,4,1,1,1,86
123,1,6,80,3,1,80,219,7,1,1,1,81
123,1,7,75,2,1,75,148,1,1,1,1,76
123,1,8,90,1,3,86,80,30,1,1,1,87
123,1,9,120,1,2,118,115,10,1,1,1,119
123,1,10,100,1,1,95,94,6,1,1,1,96
123,1,11,120,2,1,118,218,11,1,1,1,119
123,1,12,100,3,1,96,294,2,1,1,1,97
123,1,13,60,1,2,59,57,6,1,1,1,60
123,1,14,150,2,1,122,290,5,1,1,1,123
123,1,15,40,3,1,40,105,5,1,1,1,41
123,1,16,150,1,2,148,147,6,1,1,1,149
123,1,17,40,1,3,39,38,6,1,1,1,40
123,1,18,60,2,1,57,112,4,1,1,1,58
123,1,19,75,1,2,62,72,6,1,1,1,63
123,1,20,200,1,1,197,194,6,1,1,1,198
123,1,1,150,-2,-1,36,108,96,4,2,2,37
123,1,2,40,-3,-1,9,57,21,4,2,2,10
123,1,3,60,-1,-1,29,23,37,4,2,2,30
123,1,4,150,-1,-2,98,48,204,4,2,2,99
123,1,5,90,-1,-3,58,60,90,4,2,2,59
123,1,6,75,-2,-1,21,52,49,4,2,2,22
123,1,7,100,-1,-3,75,67,99,4,2,2,76
123,1,8,120,-1,-2,78,73,94,4,2,2,79
123,1,9,40,-1,-3,25,29,33,4,2,2,26
123,1,10,60,-2,-1,19,78,21,4,2,2,20
123,1,11,120,-1,-1,58,55,65,4,2,2,59
123,1,12,100,-3,-1,26,72,76,4,2,2,27
123,1,13,80,-1,-3,55,55,75,4,2,2,56
123,1,14,100,-1,-1,50,50,50,4,2,2,51
123,1,15,60,-1,-2,38,40,40,4,2,2,39
123,1,16,120,-2,-1,42,86,77,4,2,2,43
123,1,17,200,-1,-1,94,90,110,4,2,2,95
123,1,18,90,-3,-1,23,90,60,4,2,2,24
123,1,19,75,-1,-2,49,50,50,4,2,2,50
123,1,20,80,-3,-1,19,60,60,4,2,2,20
123,1,1,80,3,1,17,66,58,3,2,1,18
123,1,2,100,1,1,52,73,27,3,2,1,53
123,1,3,75,1,2,45,46,58,3,2,1,46
123,1,4,60,1,1,40,37,23,3,2,1,41
123,1,5,150,1,2,107,109,82,3,2,1,108
123,1,6,75,2,1,28,104,23,3,2,1,29
123,1,7,200,1,1,91,92,108,3,2,1,92
123,1,8,100,3,1,26,93,69,3,2,1,27
123,1,9,80,1,3,52,52,84,3,2,1,53
123,1,10,40,3,1,6,51,23,3,2,1,7
123,1,11,150,2,1,57,100,100,3,2,1,58
123,1,12,100,1,3,81,69,93,3,2,1,82
123,1,13,60,2,1,27,40,40,3,2,1,28
123,1,14,120,1,2,81,80,80,3,2,1,82
123,1,15,90,3,1,21,105,55,3,2,1,22
123,1,16,120,2,1,34,72,84,3,2,1,35
123,1,17,60,1,2,43,38,44,3,2,1,44
123,1,18,90,1,3,69,64,78,3,2,1,70
123,1,19,120,1,1,60,49,71,3,2,1,61
123,1,20,40,1,3,24,30,30,3,2,1,25
201,2,1,120,-1,-2,18,23,194,2,1,2,19
201,2,2,60,-2,-1,18,16,52,2,1,2,19
201,2,3,100,-3,-1,7,24,92,2,1,2,8
201,2,4,90,-1,-3,0,19,213,2,1,2,1
201,2,5,100,-1,-1,12,17,83,2,1,2,13
201,2,6,40,-1,-3,8,11,87,2,1,2,9
201,2,7,80,-3,-1,6,21,73,2,1,2,7
201,2,8,120,-1,-1,17,16,104,2,1,2,18
201,2,9,150,-1,-2,35,18,264,2,1,2,36
201,2,10,200,-1,-1,7,23,177,2,1,2,8
201,2,11,80,-1,-3,4,29,153,2,1,2,5
201,2,12,90,-3,-1,2,21,83,2,1,2,3
201,2,13,120,-2,-1,2,16,112,2,1,2,3
201,2,14,75,-1,-2,18,24,102,2,1,2,19
201,2,15,150,-2,-1,29,34,133,2,1,2,30
201,2,16,60,-1,-2,2,15,90,2,1,2,3
201,2,17,75,-2,-1,6,16,67,2,1,2,7
201,2,18,40,-3,-1,0,9,37,2,1,2,1
201,2,19,60,-1,-1,1,8,52,2,1,2,2
201,2,20,100,-1,-3,6,24,228,2,1,2,7
201,2,1,90,3,1,89,126,48,1,1,1,90
201,2,2,150,1,2,126,111,78,1,1,1,127
201,2,3,60,1,1,56,36,24,1,1,1,57
201,2,4,150,2,1,139,212,44,1,1,1,140
201,2,5,120,1,1,73,92,28,1,1,1,74
201,2,6,80,1,3,62,70,30,1,1,1,63
201,2,7,120,1,2,86,106,28,1,1,1,87
201,2,8,90,1,3,63,80,30,1,1,1,64
201,2,9,60,2,1,32,74,23,1,1,1,33
201,2,10,40,1,3,29,36,12,1,1,1,30
201,2,11,75,2,1,72,96,27,1,1,1,73
201,2,12,100,1,1,83,76,24,1,1,1,84
201,2,13,80,3,1,69,162,26,1,1,1,70
201,2,14,200,1,1,166,147,53,1,1,1,167
201,2,15,60,1,2,43,51,18,1,1,1,44
201,2,16,40,3,1,28,81,13,1,1,1,29
201,2,17,120,2,1,82,182,29,1,1,1,83
201,2,18,100,1,3,85,92,24,1,1,1,86
201,2,19,75,1,2,55,68,14,1,1,1,56
201,2,20,100,3,1,74,192,36,1,1,1,75
201,2,1,120,-1,-1,60,56,64,4,2,2,61
201,2,2,60,-1,-2,39,39,42,4,2,2,40
201,2,3,40,-1,-3,29,29,33,4,2,2,30
201,2,4,150,-1,-2,99,97,106,4,2,2,100
201,2,5,75,-2,-1,19,66,42,4,2,2,20
201,2,6,100,-1,-3,78,72,84,4,2,2,79
201,2,7,120,-2,-1,35,86,77,4,2,2,36
201,2,8,200,-1,-1,94,104,96,4,2,2,95
201,2,9,80,-3,-1,18,69,57,4,2,2,19
201,2,10,100,-1,-1,47,43,57,4,2,2,48
201,2,11,80,-1,-3,52,58,66,4,2,2,53
201,2,12,150,-2,-1,51,108,96,4,2,2,52
201,2,13,90,-3,-1,23,75,65,4,2,2,24
201,2,14,60,-1,-1,26,34,26,4,2,2,27
201,2,15,75,-1,-2,49,53,44,4,2,2,50
201,2,16,90,-1,-3,69,65,75,4,2,2,70
201,2,17,60,-2,-1,22,92,14,4,2,2,23
201,2,18,40,-3,-1,9,36,28,4,2,2,10
201,2,19,120,-1,-2,86,78,84,4,2,2,87
201,2,20,100,-3,-1,24,75,75,4,2,2,25
201,2,1,75,2,1,29,50,50,3,2,1,30
201,2,2,120,1,2,79,77,86,3,2,1,80
201,2,3,100,3,1,24,81,73,3,2,1,25
201,2,4,60,1,2,44,38,44,3,2,1,45
201,2,5,90,1,3,69,66,72,3,2,1,70
201,2,6,150,2,1,51,98,101,3,2,1,52
201,2,7,40,1,3,30,30,30,3,2,1,31
201,2,8,80,3,1,21,63,59,3,2,1,22
201,2,9,100,1,1,52,52,48,3,2,1,53
201,2,10,80,1,3,53,62,54,3,2,1,54
201,2,11,150,1,2,97,102,96,3,2,1,98
201,2,12,120,2,1,41,82,79,3,2,1,42
201,2,13,200,1,1,88,98,102,3,2,1,89
201,2,14,40,3,1,8,33,29,3,2,1,9
201,2,15,60,1,1,30,27,33,3,2,1,31
201,2,16,75,1,2,51,48,54,3,2,1,52
201,2,17,120,1,1,66,64,56,3,2,1,67
201,2,18,60,2,1,16,44,38,3,2,1,17
201,2,19,100,1,3,76,72,84,3,2,1,77
201,2,20,90,3,1,21,72,66,3,2,1,22
202,2,1,90,-1,-3,5,6,252,2,1,2,6
202,2,2,60,-1,-2,8,4,112,2,1,2,9
202,2,3,120,-2,-1,13,18,111,2,1,2,14
202,2,4,90,-3,-1,9,45,75,2,1,2,10
202,2,5,150,-2,-1,4,12,144,2,1,2,5
202,2,6,40,-3,-1,5,3,39,2,1,2,6
202,2,7,100,-1,-3,6,6,282,2,1,2,7
202,2,8,150,-1,-2,11,17,266,2,1,2,12
202,2,9,100,-3,-1,8,12,96,2,1,2,9
202,2,10,200,-1,-1,14,6,194,2,1,2,15
202,2,11,40,-1,-3,2,5,105,2,1,2,3
202,2,12,80,-3,-1,7,12,76,2,1,2,8
202,2,13,75,-2,-1,0,6,72,2,1,2,1
202,2,14,120,-1,-1,4,1,119,2,1,2,5
202,2,15,60,-2,-1,7,8,56,2,1,2,8
202,2,16,120,-1,-2,16,2,236,2,1,2,17
202,2,17,80,-1,-3,31,4,228,2,1,2,32
202,2,18,100,-1,-1,3,4,96,2,1,2,4
202,2,19,75,-1,-2,35,11,128,2,1,2,36
202,2,20,60,-1,-1,14,9,51,2,1,2,15
202,2,1,80,3,1,79,228,4,1,1,1,80
202,2,2,100,1,1,99,95,5,1,1,1,100
202,2,3,150,1,2,148,132,36,1,1,1,149
202,2,4,100,1,3,100,99,3,1,1,1,101
202,2,5,120,1,2,109,117,6,1,1,1,110
202,2,6,40,1,3,39,37,9,1,1,1,40
202,2,7,100,3,1,100,276,8,1,1,1,101
202,2,8,120,2,1,104,236,2,1,1,1,105
202,2,9,75,1,2,69,72,6,1,1,1,70
202,2,10,90,1,3,88,86,12,1,1,1,89
202,2,11,200,1,1,188,198,2,1,1,1,189
202,2,12,40,3,1,37,114,2,1,1,1,38
202,2,13,120,1,1,96,115,5,1,1,1,97
202,2,14,75,2,1,73,144,3,1,1,1,74
202,2,15,60,1,1,52,55,5,1,1,1,53
202,2,16,90,3,1,90,267,1,1,1,1,91
202,2,17,60,1,2,59,54,12,1,1,1,60
202,2,18,150,2,1,148,296,2,1,1,1,149
202,2,19,80,1,3,80,77,9,1,1,1,81
202,2,20,60,2,1,60,116,2,1,1,1,61
202,2,1,120,-1,-1,65,68,52,4,2,2,66
202,2,2,60,-2,-1,18,50,35,4,2,2,19
202,2,4,120,-2,-1,39,84,78,4,2,2,40
202,2,5,100,-1,-3,76,75,75,4,2,2,77
202,2,6,150,-2,-1,52,104,98,4,2,2,53
202,2,7,75,-1,-2,56,51,48,4,2,2,57
202,2,8,60,-1,-1,26,25,35,4,2,2,27
202,2,9,80,-1,-3,65,64,48,4,2,2,66
202,2,10,120,-1,-2,85,82,76,4,2,2,86
202,2,11,75,-2,-1,29,50,50,4,2,2,30
202,2,12,40,-3,-1,10,33,29,4,2,2,11
202,2,13,90,-1,-3,69,66,72,4,2,2,70
202,2,14,60,-1,-2,36,40,40,4,2,2,37
202,2,15,40,-1,-3,30,29,33,4,2,2,31
202,2,16,200,-1,-1,100,102,98,4,2,2,101
202,2,17,80,-3,-1,19,63,59,4,2,2,20
202,2,18,100,-1,-1,50,54,46,4,2,2,51
202,2,19,90,-3,-1,22,63,69,4,2,2,23
202,2,20,150,-1,-2,100,102,96,4,2,2,101
202,2,2,90,3,1,16,171,33,3,2,1,17
202,2,3,100,1,3,74,73,81,3,2,1,75
202,2,4,200,1,1,100,98,102,3,2,1,101
202,2,5,80,1,3,65,58,66,3,2,1,66
202,2,6,75,2,1,23,50,50,3,2,1,24
202,2,7,100,1,1,57,51,49,3,2,1,58
202,2,8,90,1,3,64,66,72,3,2,1,65
202,2,9,75,1,2,41,50,50,3,2,1,42
202,2,10,60,2,1,25,52,34,3,2,1,26
202,2,11,40,1,3,31,30,30,3,2,1,32
202,2,12,120,2,1,41,84,78,3,2,1,42
202,2,14,60,1,1,27,38,22,3,2,1,28
202,2,15,150,2,1,56,112,94,3,2,1,57
202,2,16,120,1,1,55,65,55,3,2,1,56
202,2,17,100,3,1,20,84,72,3,2,1,21
202,2,18,150,1,2,104,101,98,3,2,1,105
202,2,19,80,3,1,22,57,61,3,2,1,23
202,2,20,120,1,2,80,80,80,3,2,1,81
203,2,1,40,-3,-1,6,6,38,2,1,2,7
203,2,2,120,-1,-2,16,25,190,2,1,2,17
203,2,3,80,-1,-3,2,23,171,2,1,2,3
203,2,4,60,-1,-1,13,10,50,2,1,2,14
203,2,5,100,-1,-3,5,27,219,2,1,2,6
203,2,6,80,-3,-1,0,18,74,2,1,2,1
203,2,7,60,-2,-1,5,12,54,2,1,2,6
203,2,8,75,-1,-2,36,15,120,2,1,2,37
203,2,9,200,-1,-1,47,25,175,2,1,2,48
203,2,10,90,-1,-3,7,8,246,2,1,2,8
203,2,11,120,-1,-1,20,16,104,2,1,2,21
203,2,12,150,-2,-1,1,28,136,2,1,2,2
203,2,13,90,-3,-1,1,18,84,2,1,2,2
203,2,14,150,-1,-2,1,19,262,2,1,2,2
203,2,15,40,-1,-3,19,7,99,2,1,2,20
203,2,16,100,-1,-1,25,14,86,2,1,2,26
203,2,17,75,-2,-1,0,22,64,2,1,2,1
203,2,18,60,-1,-2,19,11,98,2,1,2,20
203,2,19,100,-3,-1,5,21,93,2,1,2,6
203,2,20,120,-2,-1,4,22,109,2,1,2,5
203,2,1,80,1,3,75,76,12,1,1,1,76
203,2,2,75,1,2,56,74,2,1,1,1,57
203,2,3,100,3,1,69,258,14,1,1,1,70
203,2,4,120,1,1,119,105,15,1,1,1,120
203,2,5,40,1,3,28,38,6,1,1,1,29
203,2,6,60,2,1,46,96,12,1,1,1,47
203,2,7,80,3,1,69,180,20,1,1,1,70
203,2,8,150,2,1,149,242,29,1,1,1,150
203,2,9,100,1,1,95,88,12,1,1,1,96
203,2,10,75,2,1,40,134,8,1,1,1,41
203,2,11,60,1,1,46,56,4,1,1,1,47
203,2,12,120,2,1,120,202,19,1,1,1,121
203,2,13,200,1,1,189,179,21,1,1,1,190
203,2,14,150,1,2,145,131,38,1,1,1,146
203,2,15,40,3,1,36,99,7,1,1,1,37
203,2,16,100,1,3,79,96,12,1,1,1,80
203,2,17,120,1,2,103,109,22,1,1,1,104
203,2,18,90,1,3,88,85,15,1,1,1,89
203,2,19,60,1,2,47,58,4,1,1,1,48
203,2,20,90,3,1,89,243,9,1,1,1,90
203,2,1,90,-1,-3,65,66,72,4,2,2,66
203,2,2,75,-2,-1,20,58,46,4,2,2,21
203,2,3,100,-1,-3,81,76,72,4,2,2,82
203,2,4,60,-1,-2,23,37,46,4,2,2,24
203,2,5,80,-3,-1,20,63,59,4,2,2,21
203,2,6,200,-1,-1,105,103,97,4,2,2,106
203,2,7,120,-2,-1,40,94,73,4,2,2,41
203,2,8,100,-1,-1,62,44,56,4,2,2,63
203,2,9,40,-1,-3,31,27,39,4,2,2,32
203,2,10,75,-1,-2,44,53,44,4,2,2,45
203,2,11,90,-3,-1,21,72,66,4,2,2,22
203,2,12,150,-1,-2,97,98,104,4,2,2,98
203,2,13,120,-1,-1,58,65,55,4,2,2,59
203,2,14,100,-3,-1,27,81,73,4,2,2,28
203,2,15,60,-1,-1,26,22,38,4,2,2,27
203,2,16,80,-1,-3,60,57,69,4,2,2,61
203,2,17,40,-3,-1,5,36,28,4,2,2,6
203,2,18,150,-2,-1,56,98,101,4,2,2,57
203,2,19,120,-1,-2,79,76,88,4,2,2,80
203,2,20,60,-2,-1,22,48,36,4,2,2,23
203,2,1,120,1,2,77,77,86,3,2,1,78
203,2,2,80,3,1,20,66,58,3,2,1,21
203,2,3,120,1,1,75,56,64,3,2,1,76
203,2,4,40,1,3,35,29,33,3,2,1,36
203,2,5,60,1,1,28,26,34,3,2,1,29
203,2,6,40,3,1,7,42,26,3,2,1,8
203,2,7,100,1,3,69,72,84,3,2,1,70
203,2,8,75,1,2,42,48,54,3,2,1,43
203,2,9,90,1,3,63,70,60,3,2,1,64
203,2,10,120,2,1,42,88,76,3,2,1,43
203,2,11,150,1,2,103,96,108,3,2,1,104
203,2,12,100,3,1,25,87,71,3,2,1,26
203,2,13,75,2,1,35,58,46,3,2,1,36
203,2,14,90,3,1,13,72,66,3,2,1,14
203,2,15,200,1,1,99,94,106,3,2,1,100
203,2,16,60,2,1,20,48,36,3,2,1,21
203,2,17,80,1,3,55,57,69,3,2,1,56
203,2,18,60,1,2,40,44,32,3,2,1,41
203,2,19,100,1,1,51,49,51,3,2,1,52
203,2,20,150,2,1,49,98,101,3,2,1,50
204,2,1,120,-1,-1,17,9,111,2,1,2,18
204,2,2,60,-1,-2,32,5,110,2,1,2,33
204,2,3,40,-1,-3,22,7,99,2,1,2,23
204,2,4,150,-1,-2,7,12,276,2,1,2,8
204,2,5,75,-2,-1,1,10,70,2,1,2,2
204,2,6,100,-1,-3,1,17,249,2,1,2,2
204,2,7,120,-2,-1,2,30,105,2,1,2,3
204,2,8,200,-1,-1,17,55,145,2,1,2,18
204,2,9,80,-3,-1,0,42,66,2,1,2,1
204,2,10,100,-1,-1,4,5,95,2,1,2,5
204,2,11,80,-1,-3,44,7,219,2,1,2,45
204,2,12,150,-2,-1,19,16,142,2,1,2,20
204,2,13,90,-3,-1,4,15,85,2,1,2,5
204,2,14,60,-1,-1,11,5,55,2,1,2,12
204,2,15,75,-1,-2,0,9,132,2,1,2,1
204,2,16,90,-1,-3,12,16,222,2,1,2,13
204,2,17,60,-2,-1,12,14,53,2,1,2,13
204,2,18,40,-3,-1,2,15,35,2,1,2,3
204,2,19,120,-1,-2,31,21,198,2,1,2,32
204,2,20,100,-3,-1,1,15,95,2,1,2,2
204,2,1,75,2,1,73,134,8,1,1,1,74
204,2,2,120,1,2,118,112,16,1,1,1,119
204,2,3,100,3,1,99,285,5,1,1,1,100
204,2,4,60,1,2,35,57,6,1,1,1,36
204,2,5,90,1,3,84,84,18,1,1,1,85
204,2,6,150,2,1,121,234,33,1,1,1,122
204,2,7,40,1,3,32,36,12,1,1,1,33
204,2,8,80,3,1,74,228,4,1,1,1,75
204,2,9,100,1,1,95,94,6,1,1,1,96
204,2,10,80,1,3,70,74,18,1,1,1,71
204,2,11,150,1,2,136,141,18,1,1,1,137
204,2,12,120,2,1,118,228,6,1,1,1,119
204,2,13,200,1,1,199,191,9,1,1,1,200
204,2,14,40,3,1,30,111,3,1,1,1,31
204,2,15,60,1,1,58,56,4,1,1,1,59
204,2,16,75,1,2,63,70,10,1,1,1,64
204,2,17,120,1,1,102,116,4,1,1,1,103
204,2,18,60,2,1,53,108,6,1,1,1,54
204,2,19,100,1,3,95,97,9,1,1,1,96
204,2,20,90,3,1,89,252,6,1,1,1,90
204,2,1,120,-1,-2,75,86,68,4,2,2,76
204,2,2,60,-2,-1,18,40,40,4,2,2,19
204,2,3,100,-3,-1,20,66,78,4,2,2,21
204,2,4,90,-1,-3,66,65,75,4,2,2,67
204,2,5,100,-1,-1,51,40,60,4,2,2,52
204,2,6,40,-1,-3,28,34,18,4,2,2,29
204,2,7,80,-3,-1,21,63,59,4,2,2,22
204,2,8,120,-1,-1,57,61,59,4,2,2,58
204,2,9,150,-1,-2,98,96,108,4,2,2,99
204,2,10,200,-1,-1,97,106,94,4,2,2,98
204,2,11,80,-1,-3,62,57,69,4,2,2,63
204,2,12,90,-3,-1,22,81,63,4,2,2,23
204,2,13,120,-2,-1,44,80,80,4,2,2,45
204,2,14,75,-1,-2,48,50,50,4,2,2,49
204,2,15,150,-2,-1,50,100,100,4,2,2,51
204,2,16,60,-1,-2,43,41,38,4,2,2,44
204,2,17,75,-2,-1,24,96,27,4,2,2,25
204,2,18,40,-3,-1,11,36,28,4,2,2,12
204,2,19,60,-1,-1,28,31,29,4,2,2,29
204,2,20,100,-1,-3,74,76,72,4,2,2,75
204,2,1,90,3,1,28,66,68,3,2,1,29
204,2,2,150,1,2,91,93,114,3,2,1,92
204,2,3,60,1,1,21,34,26,3,2,1,22
204,2,4,150,2,1,54,118,91,3,2,1,55
204,2,5,120,1,1,66,61,59,3,2,1,67
204,2,6,80,1,3,58,55,75,3,2,1,59
204,2,7,120,1,2,80,79,82,3,2,1,81
204,2,8,90,1,3,69,67,69,3,2,1,70
204,2,9,60,2,1,25,44,38,3,2,1,26
204,2,10,40,1,3,29,31,27,3,2,1,30
204,2,11,75,2,1,27,44,53,3,2,1,28
204,2,12,100,1,1,49,46,54,3,2,1,50
204,2,13,80,3,1,17,57,61,3,2,1,18
204,2,14,200,1,1,99,101,99,3,2,1,100
204,2,15,60,1,2,40,40,40,3,2,1,41
204,2,16,40,3,1,11,39,27,3,2,1,12
204,2,17,120,2,1,47,74,83,3,2,1,48
204,2,18,100,1,3,74,76,72,3,2,1,75
204,2,19,75,1,2,41,48,54,3,2,1,42
204,2,20,100,3,1,22,78,74,3,2,1,23
205,2,1,200,-1,-1,15,18,182,2,1,2,16
205,2,2,75,-2,-1,10,12,69,2,1,2,11
205,2,3,120,-1,-1,11,7,113,2,1,2,12
205,2,4,60,-1,-2,27,7,106,2,1,2,28
205,2,5,100,-3,-1,6,30,90,2,1,2,7
205,2,6,75,-1,-2,7,10,130,2,1,2,8
205,2,7,90,-1,-3,29,12,234,2,1,2,30
205,2,8,80,-3,-1,0,24,72,2,1,2,1
205,2,9,60,-1,-1,5,4,56,2,1,2,6
205,2,10,150,-2,-1,18,20,140,2,1,2,19
205,2,11,100,-1,-1,27,11,89,2,1,2,28
205,2,12,40,-3,-1,3,12,36,2,1,2,4
205,2,13,100,-1,-3,21,10,270,2,1,2,22
205,2,14,150,-1,-2,25,17,266,2,1,2,26
205,2,15,80,-1,-3,1,4,228,2,1,2,2
205,2,16,120,-1,-2,0,9,222,2,1,2,1
205,2,17,40,-1,-3,2,3,111,2,1,2,3
205,2,18,120,-2,-1,1,22,109,2,1,2,2
205,2,19,90,-3,-1,1,15,85,2,1,2,2
205,2,20,60,-2,-1,21,8,56,2,1,2,22
205,2,1,80,3,1,78,63,59,1,1,1,79
205,2,2,60,1,1,53,28,32,1,1,1,54
205,2,3,80,1,3,80,75,15,1,1,1,81
205,2,4,90,3,1,90,255,5,1,1,1,91
205,2,5,150,2,1,143,274,13,1,1,1,144
205,2,6,75,1,2,72,71,8,1,1,1,73
205,2,7,40,3,1,39,102,6,1,1,1,40
205,2,8,200,1,1,182,191,9,1,1,1,183
205,2,9,120,1,2,108,112,16,1,1,1,109
205,2,10,75,2,1,68,142,4,1,1,1,69
205,2,11,120,1,1,117,117,3,1,1,1,118
205,2,12,40,1,3,37,37,9,1,1,1,38
205,2,13,120,2,1,118,218,11,1,1,1,119
205,2,14,100,3,1,100,273,9,1,1,1,101
205,2,15,60,1,2,49,56,8,1,1,1,50
205,2,16,90,1,3,88,85,15,1,1,1,89
205,2,17,150,1,2,137,145,10,1,1,1,138
205,2,18,100,1,3,91,94,18,1,1,1,92
205,2,19,60,2,1,56,112,4,1,1,1,57
205,2,20,100,1,1,68,97,3,1,1,1,69
205,2,1,40,-3,-1,10,33,29,4,2,2,11
205,2,2,60,-1,-1,4,25,35,4,2,2,5
205,2,3,75,-1,-2,52,48,54,4,2,2,53
205,2,4,100,-1,-1,50,53,47,4,2,2,51
205,2,5,120,-1,-2,73,81,78,4,2,2,74
205,2,6,60,-2,-1,20,44,38,4,2,2,21
205,2,7,100,-1,-3,83,72,84,4,2,2,84
205,2,8,75,-2,-1,25,58,46,4,2,2,26
205,2,9,100,-3,-1,25,63,79,4,2,2,26
205,2,10,150,-2,-1,50,102,99,4,2,2,51
205,2,11,80,-3,-1,16,63,59,4,2,2,17
205,2,12,200,-1,-1,96,94,106,4,2,2,97
205,2,13,60,-1,-2,41,38,44,4,2,2,42
205,2,14,80,-1,-3,60,58,66,4,2,2,61
205,2,15,120,-2,-1,33,76,82,4,2,2,34
205,2,16,150,-1,-2,107,102,96,4,2,2,108
205,2,17,90,-3,-1,23,72,66,4,2,2,24
205,2,18,40,-1,-3,28,26,42,4,2,2,29
205,2,19,120,-1,-1,58,56,64,4,2,2,59
205,2,20,90,-1,-3,67,65,75,4,2,2,68
205,2,1,60,1,2,36,38,44,3,2,1,37
205,2,2,40,1,3,25,28,36,3,2,1,26
205,2,3,100,3,1,25,78,74,3,2,1,26
205,2,4,60,2,1,25,44,38,3,2,1,26
205,2,5,200,1,1,96,94,106,3,2,1,97
205,2,6,90,3,1,25,78,64,3,2,1,26
205,2,7,120,1,2,79,77,86,3,2,1,80
205,2,8,80,1,3,62,57,69,3,2,1,63
205,2,9,100,1,1,58,53,47,3,2,1,59
205,2,10,150,1,2,98,96,108,3,2,1,99
205,2,11,120,1,1,59,67,53,3,2,1,60
205,2,12,80,3,1,21,66,58,3,2,1,22
205,2,13,120,2,1,38,76,82,3,2,1,39
205,2,14,75,1,2,46,51,48,3,2,1,47
205,2,15,90,1,3,67,68,66,3,2,1,68
205,2,16,150,2,1,48,104,98,3,2,1,49
205,2,17,40,3,1,12,33,29,3,2,1,13
205,2,18,75,2,1,27,48,51,3,2,1,28
205,2,19,60,1,1,16,25,35,3,2,1,17
205,2,20,100,1,3,76,72,84,3,2,1,77
206,2,1,90,-1,-3,11,8,246,2,1,2,12
206,2,2,75,-2,-1,0,6,72,2,1,2,1
206,2,3,100,-1,-3,0,2,294,2,1,2,1
206,2,4,60,-1,-2,12,6,108,2,1,2,13
206,2,5,80,-3,-1,13,9,77,2,1,2,14
206,2,6,200,-1,-1,12,5,195,2,1,2,13
206,2,7,120,-2,-1,8,8,116,2,1,2,9
206,2,8,100,-1,-1,27,5,95,2,1,2,28
206,2,9,40,-1,-3,0,5,105,2,1,2,1
206,2,10,75,-1,-2,0,2,146,2,1,2,1
206,2,11,90,-3,-1,3,12,86,2,1,2,4
206,2,12,150,-1,-2,13,2,296,2,1,2,14
206,2,13,120,-1,-1,5,6,114,2,1,2,6
206,2,14,100,-3,-1,3,12,96,2,1,2,4
206,2,15,60,-1,-1,5,3,57,2,1,2,6
206,2,16,80,-1,-3,7,8,216,2,1,2,8
206,2,17,40,-3,-1,3,15,35,2,1,2,4
206,2,18,150,-2,-1,8,12,144,2,1,2,9
206,2,19,120,-1,-2,8,7,226,2,1,2,9
206,2,20,60,-2,-1,2,12,54,2,1,2,3
206,2,1,120,1,2,119,116,8,1,1,1,120
206,2,2,80,3,1,76,210,10,1,1,1,77
206,2,3,120,1,1,116,114,6,1,1,1,117
206,2,4,40,1,3,34,37,9,1,1,1,35
206,2,5,60,1,1,40,59,1,1,1,1,41
206,2,6,40,3,1,37,105,5,1,1,1,38
206,2,7,100,1,3,92,96,12,1,1,1,93
206,2,8,75,1,2,72,71,8,1,1,1,73
206,2,9,90,1,3,87,86,12,1,1,1,88
206,2,10,120,2,1,120,224,8,1,1,1,121
206,2,11,150,1,2,137,143,14,1,1,1,138
206,2,12,100,3,1,98,282,6,1,1,1,99
206,2,13,75,2,1,61,142,4,1,1,1,62
206,2,14,90,3,1,84,258,4,1,1,1,85
206,2,15,200,1,1,172,193,7,1,1,1,173
206,2,16,60,2,1,56,116,2,1,1,1,57
206,2,17,80,1,3,79,76,12,1,1,1,80
206,2,18,60,1,2,60,58,4,1,1,1,61
206,2,19,100,1,1,100,96,4,1,1,1,101
206,2,20,150,2,1,149,294,3,1,1,1,150
206,2,1,40,-3,-1,9,33,29,4,2,2,10
206,2,2,120,-1,-2,82,78,84,4,2,2,83
206,2,3,80,-1,-3,63,61,57,4,2,2,64
206,2,4,60,-1,-1,24,28,32,4,2,2,25
206,2,5,100,-1,-3,75,75,75,4,2,2,76
206,2,6,80,-3,-1,19,78,54,4,2,2,20
206,2,7,60,-2,-1,18,42,39,4,2,2,19
206,2,8,75,-1,-2,51,53,44,4,2,2,52
206,2,9,200,-1,-1,101,106,94,4,2,2,102
206,2,10,90,-1,-3,71,68,66,4,2,2,72
206,2,11,120,-1,-1,60,66,54,4,2,2,61
206,2,12,150,-2,-1,47,100,100,4,2,2,48
206,2,13,90,-3,-1,22,75,65,4,2,2,23
206,2,14,150,-1,-2,101,99,102,4,2,2,102
206,2,15,40,-1,-3,34,28,36,4,2,2,35
206,2,16,100,-1,-1,50,50,50,4,2,2,51
206,2,17,75,-2,-1,28,54,48,4,2,2,29
206,2,18,60,-1,-2,40,41,38,4,2,2,41
206,2,19,100,-3,-1,27,66,78,4,2,2,28
206,2,20,120,-2,-1,39,76,82,4,2,2,40
206,2,1,80,1,3,60,59,63,3,2,1,61
206,2,2,75,1,2,44,49,52,3,2,1,45
206,2,3,100,3,1,25,81,73,3,2,1,26
206,2,4,120,1,1,59,72,48,3,2,1,60
206,2,5,40,1,3,30,31,27,3,2,1,31
206,2,6,60,2,1,20,38,41,3,2,1,21
206,2,7,80,3,1,24,63,59,3,2,1,25
206,2,8,150,2,1,54,104,98,3,2,1,55
206,2,9,100,1,1,51,51,49,3,2,1,52
206,2,10,75,2,1,17,52,49,3,2,1,18
206,2,11,60,1,1,31,38,22,3,2,1,32
206,2,12,120,2,1,40,82,79,3,2,1,41
206,2,13,200,1,1,104,100,100,3,2,1,105
206,2,15,40,3,1,9,36,28,3,2,1,10
206,2,16,100,1,3,72,71,87,3,2,1,73
206,2,17,120,1,2,76,83,74,3,2,1,77
206,2,18,90,1,3,69,67,69,3,2,1,70
206,2,19,60,1,2,46,39,42,3,2,1,47
206,2,20,90,3,1,23,84,62,3,2,1,24
207,2,1,60,-2,-1,5,2,59,2,1,2,6
207,2,2,120,-1,-1,18,14,106,2,1,2,19
207,2,3,90,-1,-3,3,8,246,2,1,2,4
207,2,4,100,-3,-1,2,12,96,2,1,2,3
207,2,5,120,-1,-2,4,11,218,2,1,2,5
207,2,6,100,-1,-1,33,7,93,2,1,2,34
207,2,7,75,-2,-1,5,10,70,2,1,2,6
207,2,8,200,-1,-1,17,20,180,2,1,2,18
207,2,9,120,-2,-1,1,16,112,2,1,2,2
207,2,10,75,-1,-2,11,6,138,2,1,2,12
207,2,11,100,-1,-3,4,9,273,2,1,2,5
207,2,12,80,-3,-1,11,15,75,2,1,2,12
207,2,13,150,-2,-1,0,22,139,2,1,2,1
207,2,14,90,-3,-1,0,12,86,2,1,2,1
207,2,15,60,-1,-1,4,4,56,2,1,2,5
207,2,16,150,-1,-2,5,11,278,2,1,2,6
207,2,17,40,-1,-3,13,5,105,2,1,2,14
207,2,18,60,-1,-2,17,7,106,2,1,2,18
207,2,19,80,-1,-3,0,8,216,2,1,2,1
207,2,20,40,-3,-1,0,12,36,2,1,2,1
207,2,1,120,2,1,120,218,11,1,1,1,121
207,2,2,40,3,1,35,114,2,1,1,1,36
207,2,3,60,1,1,60,56,4,1,1,1,61
207,2,4,40,1,3,40,38,6,1,1,1,41
207,2,5,100,3,1,100,276,8,1,1,1,101
207,2,6,80,1,3,79,75,15,1,1,1,80
207,2,7,100,1,1,99,94,6,1,1,1,100
207,2,8,80,3,1,77,222,6,1,1,1,78
207,2,9,75,2,1,56,138,6,1,1,1,57
207,2,10,120,1,2,111,112,16,1,1,1,112
207,2,11,150,2,1,150,282,9,1,1,1,151
207,2,12,100,1,3,100,94,18,1,1,1,101
207,2,13,75,1,2,64,72,6,1,1,1,65
207,2,14,120,1,1,114,115,5,1,1,1,115
207,2,15,90,3,1,87,258,4,1,1,1,88
207,2,16,150,1,2,149,142,16,1,1,1,150
207,2,17,200,1,1,195,192,8,1,1,1,196
207,2,18,60,2,1,34,114,3,1,1,1,35
207,2,19,90,1,3,85,87,9,1,1,1,86
207,2,20,60,1,2,50,57,6,1,1,1,51
207,2,1,75,-1,-2,42,49,52,4,2,2,43
207,2,2,100,-3,-1,25,78,74,4,2,2,26
207,2,3,150,-1,-2,103,105,90,4,2,2,104
207,2,4,75,-2,-1,22,48,51,4,2,2,23
207,2,5,120,-1,-1,59,64,56,4,2,2,60
207,2,6,150,-2,-1,48,108,96,4,2,2,49
207,2,7,100,-1,-3,73,74,78,4,2,2,74
207,2,8,120,-1,-2,79,78,84,4,2,2,80
207,2,9,40,-1,-3,27,27,39,4,2,2,28
207,2,10,100,-1,-1,47,49,51,4,2,2,48
207,2,11,80,-3,-1,19,66,58,4,2,2,20
207,2,12,60,-1,-1,27,26,34,4,2,2,28
207,2,13,90,-1,-3,67,67,69,4,2,2,68
207,2,14,120,-2,-1,40,92,74,4,2,2,41
207,2,15,80,-1,-3,54,59,63,4,2,2,55
207,2,16,40,-3,-1,9,36,28,4,2,2,10
207,2,17,60,-1,-2,40,37,46,4,2,2,41
207,2,18,200,-1,-1,102,94,106,4,2,2,103
207,2,19,60,-2,-1,21,44,38,4,2,2,22
207,2,20,90,-3,-1,23,72,66,4,2,2,24
207,2,1,75,1,2,41,47,56,3,2,1,42
207,2,2,120,2,1,38,74,83,3,2,1,39
207,2,3,60,1,1,33,36,24,3,2,1,34
207,2,4,90,1,3,67,64,78,3,2,1,68
207,2,5,120,1,1,60,67,53,3,2,1,61
207,2,6,40,3,1,8,42,26,3,2,1,9
207,2,7,200,1,1,117,106,94,3,2,1,118
207,2,8,100,3,1,25,81,73,3,2,1,26
207,2,9,120,1,2,81,76,88,3,2,1,82
207,2,10,80,3,1,23,66,58,3,2,1,24
207,2,11,100,1,3,71,73,81,3,2,1,72
207,2,12,60,1,2,40,37,46,3,2,1,41
207,2,13,80,1,3,61,57,69,3,2,1,62
207,2,14,60,2,1,19,46,37,3,2,1,20
207,2,15,100,1,1,48,45,55,3,2,1,49
207,2,16,40,1,3,27,27,39,3,2,1,28
207,2,17,150,2,1,62,96,102,3,2,1,63
207,2,18,90,3,1,21,69,67,3,2,1,22
207,2,19,150,1,2,106,101,98,3,2,1,107
207,2,20,75,2,1,30,44,53,3,2,1,31
208,2,1,120,-2,-1,0,10,115,2,1,2,1
208,2,2,40,-3,-1,6,12,36,2,1,2,7
208,2,3,60,-2,-1,0,10,55,2,1,2,1
208,2,4,120,-1,-2,8,9,222,2,1,2,9
208,2,5,80,-1,-3,5,3,231,2,1,2,6
208,2,6,150,-1,-2,9,10,280,2,1,2,10
208,2,7,60,-1,-1,8,5,55,2,1,2,9
208,2,8,150,-2,-1,8,22,139,2,1,2,9
208,2,9,120,-1,-1,6,6,114,2,1,2,7
208,2,10,90,-3,-1,5,12,86,2,1,2,6
208,2,11,200,-1,-1,37,14,186,2,1,2,38
208,2,12,60,-1,-2,5,4,112,2,1,2,6
208,2,13,100,-1,-1,3,9,91,2,1,2,4
208,2,14,40,-1,-3,11,3,111,2,1,2,12
208,2,15,80,-3,-1,0,12,76,2,1,2,1
208,2,16,75,-2,-1,15,8,71,2,1,2,16
208,2,17,100,-1,-3,2,6,282,2,1,2,3
208,2,18,75,-1,-2,5,5,140,2,1,2,6
208,2,19,90,-1,-3,3,7,249,2,1,2,4
208,2,20,100,-3,-1,2,18,94,2,1,2,3
208,2,1,80,1,3,77,76,12,1,1,1,78
208,2,2,200,1,1,189,171,29,1,1,1,190
208,2,3,80,3,1,49,180,20,1,1,1,50
208,2,4,120,1,2,114,109,22,1,1,1,115
208,2,5,40,1,3,33,35,15,1,1,1,34
208,2,6,60,1,1,21,49,11,1,1,1,22
208,2,7,120,2,1,120,214,13,1,1,1,121
208,2,8,100,1,1,67,91,9,1,1,1,68
208,2,9,150,1,2,134,130,40,1,1,1,135
208,2,10,100,1,3,99,92,24,1,1,1,100
208,2,11,75,1,2,67,70,10,1,1,1,68
208,2,12,120,1,1,77,111,9,1,1,1,78
208,2,13,75,2,1,71,134,8,1,1,1,72
208,2,14,90,3,1,88,246,8,1,1,1,89
208,2,15,60,2,1,59,102,9,1,1,1,60
208,2,16,40,3,1,38,114,2,1,1,1,39
208,2,17,150,2,1,138,250,25,1,1,1,139
208,2,18,60,1,2,52,53,14,1,1,1,53
208,2,19,100,3,1,96,267,11,1,1,1,97
208,2,20,90,1,3,89,86,12,1,1,1,90
208,2,1,60,-1,-2,42,41,38,4,2,2,43
208,2,2,200,-1,-1,93,104,96,4,2,2,94
208,2,3,80,-1,-3,54,59,63,4,2,2,55
208,2,4,100,-3,-1,24,78,74,4,2,2,25
208,2,5,40,-1,-3,30,28,36,4,2,2,31
208,2,6,150,-2,-1,43,92,104,4,2,2,44
208,2,7,120,-1,-2,79,76,88,4,2,2,80
208,2,8,100,-1,-3,71,73,81,4,2,2,72
208,2,9,60,-2,-1,24,46,37,4,2,2,25
208,2,10,120,-1,-1,66,53,67,4,2,2,67
208,2,11,90,-1,-3,68,66,72,4,2,2,69
208,2,12,75,-1,-2,55,52,46,4,2,2,56
208,2,13,80,-3,-1,21,63,59,4,2,2,22
208,2,14,60,-1,-1,30,27,33,4,2,2,31
208,2,15,120,-2,-1,36,90,75,4,2,2,37
208,2,16,100,-1,-1,50,41,59,4,2,2,51
208,2,17,75,-2,-1,27,56,47,4,2,2,28
208,2,18,90,-3,-1,7,72,66,4,2,2,8
208,2,19,150,-1,-2,99,98,104,4,2,2,100
208,2,20,40,-3,-1,7,36,28,4,2,2,8
208,2,1,40,3,1,11,36,28,3,2,1,12
208,2,2,90,1,3,68,65,75,3,2,1,69
208,2,3,120,2,1,30,84,78,3,2,1,31
208,2,4,60,1,2,46,38,44,3,2,1,47
208,2,5,200,1,1,105,97,103,3,2,1,106
208,2,6,100,1,3,86,74,78,3,2,1,87
208,2,7,60,1,1,18,27,33,3,2,1,19
208,2,8,150,2,1,48,86,107,3,2,1,49
208,2,9,40,1,3,26,26,42,3,2,1,27
208,2,10,100,1,1,54,56,44,3,2,1,55
208,2,11,150,1,2,99,95,110,3,2,1,100
208,2,12,90,3,1,22,72,66,3,2,1,23
208,2,13,60,2,1,29,34,43,3,2,1,30
208,2,14,100,3,1,27,66,78,3,2,1,28
208,2,15,75,2,1,23,48,51,3,2,1,24
208,2,16,80,3,1,24,63,59,3,2,1,25
208,2,17,120,1,2,79,76,88,3,2,1,80
208,2,18,80,1,3,60,57,69,3,2,1,61
208,2,19,75,1,2,53,52,46,3,2,1,54
208,2,20,120,1,1,62,66,54,3,2,1,63
209,2,2,75,-2,-1,1,8,71,2,1,2,2
209,2,3,120,-1,-1,26,8,112,2,1,2,27
209,2,4,60,-1,-2,8,5,110,2,1,2,9
209,2,5,100,-3,-1,1,12,96,2,1,2,2
209,2,6,75,-1,-2,2,5,140,2,1,2,3
209,2,7,90,-1,-3,40,7,249,2,1,2,41
209,2,8,80,-3,-1,1,12,76,2,1,2,2
209,2,9,60,-1,-1,1,4,56,2,1,2,2
209,2,10,150,-2,-1,2,10,145,2,1,2,3
209,2,11,100,-1,-1,40,6,94,2,1,2,41
209,2,12,40,-3,-1,0,15,35,2,1,2,1
209,2,13,100,-1,-3,2,6,282,2,1,2,3
209,2,14,150,-1,-2,3,8,284,2,1,2,4
209,2,15,80,-1,-3,0,4,228,2,1,2,1
209,2,16,120,-1,-2,33,6,228,2,1,2,34
209,2,17,40,-1,-3,2,4,108,2,1,2,3
209,2,18,120,-2,-1,0,12,114,2,1,2,1
209,2,19,90,-3,-1,10,18,84,2,1,2,11
209,2,20,60,-2,-1,6,10,55,2,1,2,7
209,2,1,80,3,1,74,228,4,1,1,1,75
209,2,2,60,1,1,37,53,7,1,1,1,38
209,2,3,80,1,3,74,77,9,1,1,1,75
209,2,4,90,3,1,89,249,7,1,1,1,90
209,2,5,150,2,1,142,290,5,1,1,1,143
209,2,6,75,1,2,73,72,6,1,1,1,74
209,2,7,40,3,1,39,102,6,1,1,1,40
209,2,8,200,1,1,199,192,8,1,1,1,200
209,2,9,120,1,2,104,114,12,1,1,1,105
209,2,10,75,2,1,70,146,2,1,1,1,71
209,2,11,120,1,1,118,116,4,1,1,1,119
209,2,12,40,1,3,36,38,6,1,1,1,37
209,2,13,120,2,1,117,234,3,1,1,1,118
209,2,14,100,3,1,99,291,3,1,1,1,100
209,2,15,60,1,2,58,57,6,1,1,1,59
209,2,16,90,1,3,88,86,12,1,1,1,89
209,2,17,150,1,2,141,146,8,1,1,1,142
209,2,18,100,1,3,96,97,9,1,1,1,97
209,2,19,60,2,1,60,110,5,1,1,1,61
209,2,20,100,1,1,90,97,3,1,1,1,91
209,2,2,60,-1,-1,24,28,32,4,2,2,25
209,2,3,75,-1,-2,47,50,50,4,2,2,48
209,2,4,100,-1,-1,54,50,50,4,2,2,55
209,2,5,120,-1,-2,81,81,78,4,2,2,82
209,2,6,60,-2,-1,20,42,39,4,2,2,21
209,2,7,100,-1,-3,76,74,78,4,2,2,77
209,2,8,75,-2,-1,23,48,51,4,2,2,24
209,2,9,100,-3,-1,24,78,74,4,2,2,25
209,2,10,150,-2,-1,50,100,100,4,2,2,51
209,2,11,80,-3,-1,21,66,58,4,2,2,22
209,2,12,200,-1,-1,100,102,98,4,2,2,101
209,2,13,60,-1,-2,43,40,40,4,2,2,44
209,2,14,80,-1,-3,60,59,63,4,2,2,61
209,2,15,120,-2,-1,39,80,80,4,2,2,40
209,2,16,150,-1,-2,93,101,98,4,2,2,94
209,2,17,90,-3,-1,26,66,68,4,2,2,27
209,2,18,40,-1,-3,33,28,36,4,2,2,34
209,2,20,90,-1,-3,69,66,72,4,2,2,70
209,2,1,60,1,2,40,39,42,3,2,1,41
209,2,2,40,1,3,31,30,30,3,2,1,32
209,2,4,60,2,1,21,44,38,3,2,1,22
209,2,5,200,1,1,100,97,103,3,2,1,101
209,2,7,120,1,2,81,72,96,3,2,1,82
209,2,8,80,1,3,62,58,66,3,2,1,63
209,2,9,100,1,1,43,45,55,3,2,1,44
209,2,10,150,1,2,100,98,104,3,2,1,101
209,2,11,120,1,1,60,60,60,3,2,1,61
209,2,12,80,3,1,20,60,60,3,2,1,21
209,2,13,120,2,1,40,86,77,3,2,1,41
209,2,14,75,1,2,54,51,48,3,2,1,55
209,2,15,90,1,3,66,67,69,3,2,1,67
209,2,16,150,2,1,52,104,98,3,2,1,53
209,2,17,40,3,1,10,30,30,3,2,1,11
209,2,18,75,2,1,28,44,53,3,2,1,29
209,2,20,100,1,3,75,77,69,3,2,1,76
210,2,1,40,-1,-3,16,4,108,2,1,2,17
210,2,2,75,-2,-1,21,18,66,2,1,2,22
210,2,3,40,-3,-1,5,12,36,2,1,2,6
210,2,4,60,-1,-1,16,7,53,2,1,2,17
210,2,5,120,-1,-2,22,19,202,2,1,2,23
210,2,6,90,-1,-3,16,15,225,2,1,2,17
210,2,7,200,-1,-1,38,13,187,2,1,2,39
210,2,8,75,-1,-2,10,7,136,2,1,2,11
210,2,9,100,-1,-3,16,9,273,2,1,2,17
210,2,10,120,-2,-1,0,16,112,2,1,2,1
210,2,11,60,-1,-2,1,5,110,2,1,2,2
210,2,12,100,-1,-1,38,7,93,2,1,2,39
210,2,13,80,-3,-1,0,15,75,2,1,2,1
210,2,14,60,-2,-1,6,10,55,2,1,2,7
210,2,15,100,-3,-1,0,18,94,2,1,2,1
210,2,16,120,-1,-1,33,9,111,2,1,2,34
210,2,17,150,-1,-2,2,12,276,2,1,2,3
210,2,18,90,-3,-1,11,15,85,2,1,2,12
210,2,19,150,-2,-1,10,16,142,2,1,2,11
210,2,20,80,-1,-3,23,5,225,2,1,2,24
210,2,1,80,1,3,79,77,9,1,1,1,80
210,2,2,90,3,1,86,252,6,1,1,1,87
210,2,3,200,1,1,200,190,10,1,1,1,201
210,2,4,150,1,2,143,143,14,1,1,1,144
210,2,5,100,3,1,100,285,5,1,1,1,101
210,2,6,120,1,2,120,113,14,1,1,1,121
210,2,7,150,2,1,150,274,13,1,1,1,151
210,2,8,60,1,1,60,57,3,1,1,1,61
210,2,9,100,1,3,90,95,15,1,1,1,91
210,2,10,40,3,1,33,114,2,1,1,1,34
210,2,11,120,2,1,120,228,6,1,1,1,121
210,2,12,75,1,2,75,70,10,1,1,1,76
210,2,13,100,1,1,97,94,6,1,1,1,98
210,2,14,90,1,3,90,86,12,1,1,1,91
210,2,15,120,1,1,115,114,6,1,1,1,116
210,2,16,60,2,1,58,116,2,1,1,1,59
210,2,17,80,3,1,74,225,5,1,1,1,75
210,2,18,60,1,2,54,55,10,1,1,1,55
210,2,19,75,2,1,75,134,8,1,1,1,76
210,2,20,40,1,3,33,37,9,1,1,1,34
210,2,1,60,-2,-1,21,48,36,4,2,2,22
210,2,2,90,-3,-1,23,78,64,4,2,2,24
210,2,3,75,-1,-2,50,46,58,4,2,2,51
210,2,4,100,-1,-1,49,56,44,4,2,2,50
210,2,5,80,-3,-1,21,51,63,4,2,2,22
210,2,6,60,-1,-2,40,37,46,4,2,2,41
210,2,7,75,-2,-1,23,56,47,4,2,2,24
210,2,8,40,-1,-3,27,28,36,4,2,2,28
210,2,9,200,-1,-1,101,103,97,4,2,2,102
210,2,10,100,-3,-1,21,84,72,4,2,2,22
210,2,11,150,-1,-2,106,95,110,4,2,2,107
210,2,12,120,-1,-1,61,61,59,4,2,2,62
210,2,13,100,-1,-3,89,76,72,4,2,2,90
210,2,14,120,-1,-2,78,78,84,4,2,2,79
210,2,15,40,-3,-1,8,36,28,4,2,2,9
210,2,16,150,-2,-1,43,94,103,4,2,2,44
210,2,17,60,-1,-1,28,27,33,4,2,2,29
210,2,18,90,-1,-3,66,66,72,4,2,2,67
210,2,19,120,-2,-1,41,86,77,4,2,2,42
210,2,20,80,-1,-3,58,58,66,4,2,2,59
210,2,1,100,3,1,27,78,74,3,2,1,28
210,2,2,60,2,1,19,56,32,3,2,1,20
210,2,3,40,3,1,9,27,31,3,2,1,10
210,2,4,80,1,3,62,59,63,3,2,1,63
210,2,5,60,1,1,31,32,28,3,2,1,32
210,2,6,75,1,2,52,51,48,3,2,1,53
210,2,7,100,1,1,50,58,42,3,2,1,51
210,2,8,40,1,3,28,28,36,3,2,1,29
210,2,9,120,1,2,83,84,72,3,2,1,84
210,2,10,150,2,1,50,100,100,3,2,1,51
210,2,11,90,1,3,66,62,84,3,2,1,67
210,2,12,200,1,1,94,92,108,3,2,1,95
210,2,13,60,1,2,33,36,48,3,2,1,34
210,2,14,80,3,1,22,51,63,3,2,1,23
210,2,15,100,1,3,74,73,81,3,2,1,75
210,2,16,120,2,1,44,88,76,3,2,1,45
210,2,17,150,1,2,108,99,102,3,2,1,109
210,2,18,75,2,1,26,54,48,3,2,1,27
210,2,19,90,3,1,24,81,63,3,2,1,25
210,2,20,120,1,1,67,63,57,3,2,1,68
211,2,1,80,-1,-3,14,59,63,2,1,2,15
211,2,2,90,-3,-1,0,9,87,2,1,2,1
211,2,3,120,-1,-1,6,5,115,2,1,2,7
211,2,4,150,-2,-1,32,8,146,2,1,2,33
211,2,5,80,-3,-1,1,9,77,2,1,2,2
211,2,6,75,-1,-2,18,2,146,2,1,2,19
211,2,7,100,-1,-3,1,4,288,2,1,2,2
211,2,8,120,-1,-2,4,3,234,2,1,2,5
211,2,9,40,-3,-1,0,9,37,2,1,2,1
211,2,10,75,-2,-1,0,6,72,2,1,2,1
211,2,11,90,-1,-3,0,4,258,2,1,2,1
211,2,12,60,-1,-1,7,3,57,2,1,2,8
211,2,13,40,-1,-3,6,3,111,2,1,2,7
211,2,14,100,-1,-1,15,6,94,2,1,2,16
211,2,15,60,-2,-1,3,6,57,2,1,2,4
211,2,16,150,-1,-2,13,4,292,2,1,2,14
211,2,17,120,-2,-1,7,6,117,2,1,2,8
211,2,18,100,-3,-1,10,9,97,2,1,2,11
211,2,19,60,-1,-2,19,5,110,2,1,2,20
211,2,20,200,-1,-1,8,6,194,2,1,2,9
211,2,1,60,1,1,49,28,32,1,1,1,50
211,2,2,150,2,1,149,288,6,1,1,1,150
211,2,3,100,3,1,100,291,3,1,1,1,101
211,2,4,120,1,1,115,118,2,1,1,1,116
211,2,5,60,2,1,59,116,2,1,1,1,60
211,2,6,90,1,3,89,87,9,1,1,1,90
211,2,7,40,3,1,35,114,2,1,1,1,36
211,2,8,80,1,3,76,78,6,1,1,1,77
211,2,9,60,1,2,54,56,8,1,1,1,55
211,2,10,40,1,3,36,39,3,1,1,1,37
211,2,11,120,1,2,118,116,8,1,1,1,119
211,2,12,90,3,1,83,261,3,1,1,1,84
211,2,13,100,1,1,91,95,5,1,1,1,92
211,2,14,150,1,2,146,147,6,1,1,1,147
211,2,15,100,1,3,100,98,6,1,1,1,101
211,2,16,75,2,1,75,144,3,1,1,1,76
211,2,17,200,1,1,198,194,6,1,1,1,199
211,2,18,75,1,2,75,71,8,1,1,1,76
211,2,19,120,2,1,120,232,4,1,1,1,121
211,2,20,80,3,1,80,231,3,1,1,1,81
211,2,1,120,-2,-1,44,84,78,4,2,2,45
211,2,2,90,-1,-3,66,70,60,4,2,2,67
211,2,3,200,-1,-1,99,99,101,4,2,2,100
211,2,4,80,-3,-1,28,63,59,4,2,2,29
211,2,5,60,-1,-1,29,25,35,4,2,2,30
211,2,6,40,-3,-1,12,39,27,4,2,2,13
211,2,7,60,-1,-2,41,39,42,4,2,2,42
211,2,8,100,-1,-1,45,54,46,4,2,2,46
211,2,9,75,-2,-1,17,52,49,4,2,2,18
211,2,10,120,-1,-1,67,58,62,4,2,2,68
211,2,11,40,-1,-3,31,31,27,4,2,2,32
211,2,12,100,-3,-1,22,87,71,4,2,2,23
211,2,13,120,-1,-2,75,76,88,4,2,2,76
211,2,14,90,-3,-1,21,75,65,4,2,2,22
211,2,15,150,-1,-2,104,97,106,4,2,2,105
211,2,16,100,-1,-3,79,72,84,4,2,2,80
211,2,17,150,-2,-1,49,94,103,4,2,2,50
211,2,18,80,-1,-3,61,57,69,4,2,2,62
211,2,19,60,-2,-1,20,46,37,4,2,2,21
211,2,20,75,-1,-2,50,47,56,4,2,2,51
211,2,1,80,3,1,20,66,58,3,2,1,21
211,2,2,120,1,1,58,68,52,3,2,1,59
211,2,3,40,1,3,30,27,39,3,2,1,31
211,2,4,120,2,1,42,82,79,3,2,1,43
211,2,5,90,1,3,69,65,75,3,2,1,70
211,2,6,60,2,1,22,42,39,3,2,1,23
211,2,7,200,1,1,106,109,91,3,2,1,107
211,2,8,75,1,2,45,47,56,3,2,1,46
211,2,9,100,1,1,58,57,43,3,2,1,59
211,2,10,90,3,1,19,81,63,3,2,1,20
211,2,11,60,1,1,30,31,29,3,2,1,31
211,2,12,150,2,1,56,96,102,3,2,1,57
211,2,13,100,3,1,23,66,78,3,2,1,24
211,2,14,75,2,1,32,54,48,3,2,1,33
211,2,15,120,1,2,79,78,84,3,2,1,80
211,2,16,40,3,1,9,33,29,3,2,1,10
211,2,17,150,1,2,100,97,106,3,2,1,101
211,2,18,100,1,3,75,72,84,3,2,1,76
211,2,19,60,1,2,39,43,34,3,2,1,40
211,2,20,80,1,3,64,59,63,3,2,1,65
212,2,1,75,-1,-2,10,51,48,2,1,2,11
212,2,2,120,-2,-1,3,98,71,2,1,2,4
212,2,3,60,-1,-1,12,30,30,2,1,2,13
212,2,4,90,-1,-3,21,5,255,2,1,2,22
212,2,5,120,-1,-1,28,6,114,2,1,2,29
212,2,6,40,-3,-1,2,9,37,2,1,2,3
212,2,7,200,-1,-1,2,6,194,2,1,2,3
212,2,8,100,-3,-1,10,6,98,2,1,2,11
212,2,9,120,-1,-2,3,3,234,2,1,2,4
212,2,10,80,-3,-1,0,6,78,2,1,2,1
212,2,11,100,-1,-3,1,4,288,2,1,2,2
212,2,12,60,-1,-2,5,3,114,2,1,2,6
212,2,13,80,-1,-3,23,3,231,2,1,2,24
212,2,14,60,-2,-1,1,4,58,2,1,2,2
212,2,15,100,-1,-1,12,4,96,2,1,2,13
212,2,16,40,-1,-3,8,2,114,2,1,2,9
212,2,17,150,-2,-1,5,6,147,2,1,2,6
212,2,18,90,-3,-1,4,12,86,2,1,2,5
212,2,19,150,-1,-2,8,4,292,2,1,2,9
212,2,20,75,-2,-1,11,6,72,2,1,2,12
212,2,1,75,1,2,72,73,4,1,1,1,73
212,2,2,100,3,1,100,282,6,1,1,1,101
212,2,3,150,1,2,149,145,10,1,1,1,150
212,2,4,75,2,1,74,140,5,1,1,1,75
212,2,5,120,1,1,115,116,4,1,1,1,116
212,2,6,150,2,1,147,292,4,1,1,1,148
212,2,7,100,1,3,98,95,15,1,1,1,99
212,2,8,120,1,2,118,116,8,1,1,1,119
212,2,9,40,1,3,40,38,6,1,1,1,41
212,2,10,100,1,1,96,97,3,1,1,1,97
212,2,11,80,3,1,77,228,4,1,1,1,78
212,2,12,60,1,1,57,56,4,1,1,1,58
212,2,13,90,1,3,89,87,9,1,1,1,90
212,2,14,120,2,1,119,228,6,1,1,1,120
212,2,15,80,1,3,79,77,9,1,1,1,80
212,2,16,40,3,1,39,111,3,1,1,1,40
212,2,17,60,1,2,55,57,6,1,1,1,56
212,2,18,200,1,1,199,196,4,1,1,1,200
212,2,19,60,2,1,54,116,2,1,1,1,55
212,2,20,90,3,1,89,261,3,1,1,1,90
212,2,1,120,-2,-1,41,80,80,4,2,2,42
212,2,2,40,-3,-1,9,36,28,4,2,2,10
212,2,3,60,-1,-1,30,27,33,4,2,2,31
212,2,4,40,-1,-3,29,29,33,4,2,2,30
212,2,5,100,-3,-1,27,72,76,4,2,2,28
212,2,6,80,-1,-3,61,59,63,4,2,2,62
212,2,7,100,-1,-1,46,51,49,4,2,2,47
212,2,8,80,-3,-1,23,60,60,4,2,2,24
212,2,9,75,-2,-1,23,52,49,4,2,2,24
212,2,10,120,-1,-2,72,80,80,4,2,2,73
212,2,11,150,-2,-1,42,100,100,4,2,2,43
212,2,12,100,-1,-3,75,76,72,4,2,2,76
212,2,13,75,-1,-2,50,51,48,4,2,2,51
212,2,14,120,-1,-1,62,59,61,4,2,2,63
212,2,15,90,-3,-1,22,69,67,4,2,2,23
212,2,16,150,-1,-2,99,94,112,4,2,2,100
212,2,17,200,-1,-1,98,99,101,4,2,2,99
212,2,18,60,-2,-1,21,40,40,4,2,2,22
212,2,19,90,-1,-3,69,69,63,4,2,2,70
212,2,20,60,-1,-2,40,42,36,4,2,2,41
212,2,2,120,1,1,63,64,56,3,2,1,64
212,2,3,90,1,3,68,67,69,3,2,1,69
212,2,4,100,3,1,24,75,75,3,2,1,25
212,2,5,120,1,2,81,80,80,3,2,1,82
212,2,6,100,1,1,50,55,45,3,2,1,51
212,2,7,75,2,1,26,52,49,3,2,1,27
212,2,8,200,1,1,103,99,101,3,2,1,104
212,2,9,120,2,1,41,82,79,3,2,1,42
212,2,10,75,1,2,50,51,48,3,2,1,51
212,2,11,100,1,3,75,75,75,3,2,1,76
212,2,12,80,3,1,19,60,60,3,2,1,20
212,2,13,150,2,1,54,102,99,3,2,1,55
212,2,14,90,3,1,24,60,70,3,2,1,25
212,2,15,60,1,1,31,31,29,3,2,1,32
212,2,16,150,1,2,100,100,100,3,2,1,101
212,2,17,40,1,3,30,30,30,3,2,1,31
212,2,18,60,1,2,39,41,38,3,2,1,40
212,2,19,80,1,3,60,59,63,3,2,1,61
212,2,20,40,3,1,9,27,31,3,2,1,10
213,2,1,120,-1,-1,21,6,114,2,1,2,22
213,2,2,60,-2,-1,5,10,55,2,1,2,6
213,2,3,40,-3,-1,6,12,36,2,1,2,7
213,2,4,60,-1,-1,5,2,58,2,1,2,6
213,2,5,75,-2,-1,23,10,70,2,1,2,24
213,2,6,100,-3,-1,3,24,92,2,1,2,4
213,2,7,75,-1,-2,5,6,138,2,1,2,6
213,2,8,200,-1,-1,9,11,189,2,1,2,10
213,2,9,40,-1,-3,14,3,111,2,1,2,15
213,2,10,80,-3,-1,8,15,75,2,1,2,9
213,2,11,100,-1,-1,6,7,93,2,1,2,7
213,2,12,60,-1,-2,15,5,110,2,1,2,16
213,2,13,90,-3,-1,4,18,84,2,1,2,5
213,2,14,150,-2,-1,6,16,142,2,1,2,7
213,2,15,120,-1,-2,2,9,222,2,1,2,3
213,2,16,90,-1,-3,0,10,240,2,1,2,1
213,2,17,150,-1,-2,3,21,258,2,1,2,4
213,2,18,80,-1,-3,3,8,216,2,1,2,4
213,2,19,120,-2,-1,9,14,113,2,1,2,10
213,2,20,100,-1,-3,2,9,273,2,1,2,3
213,2,1,90,3,1,90,252,6,1,1,1,91
213,2,2,200,1,1,157,193,7,1,1,1,158
213,2,3,40,3,1,39,99,7,1,1,1,40
213,2,4,60,2,1,50,88,16,1,1,1,51
213,2,5,100,1,1,89,82,18,1,1,1,90
213,2,6,75,2,1,70,136,7,1,1,1,71
213,2,7,90,1,3,90,84,18,1,1,1,91
213,2,8,80,3,1,62,201,13,1,1,1,63
213,2,9,150,2,1,136,262,19,1,1,1,137
213,2,10,80,1,3,79,74,18,1,1,1,80
213,2,11,60,1,2,38,56,8,1,1,1,39
213,2,12,100,3,1,88,270,10,1,1,1,89
213,2,13,120,2,1,117,198,21,1,1,1,118
213,2,14,40,1,3,38,38,6,1,1,1,39
213,2,15,120,1,2,106,106,28,1,1,1,107
213,2,16,60,1,1,46,55,5,1,1,1,47
213,2,17,150,1,2,149,136,28,1,1,1,150
213,2,18,120,1,1,120,114,6,1,1,1,121
213,2,19,100,1,3,96,93,21,1,1,1,97
213,2,20,75,1,2,70,71,8,1,1,1,71
213,2,1,75,-1,-2,44,46,58,4,2,2,45
213,2,2,100,-1,-1,51,55,45,4,2,2,52
213,2,3,90,-1,-3,70,65,75,4,2,2,71
213,2,4,150,-1,-2,98,103,94,4,2,2,99
213,2,5,40,-3,-1,11,39,27,4,2,2,12
213,2,6,60,-2,-1,12,46,37,4,2,2,13
213,2,7,120,-1,-1,51,53,67,4,2,2,52
213,2,8,75,-2,-1,24,58,46,4,2,2,25
213,2,9,80,-3,-1,14,54,62,4,2,2,15
213,2,10,100,-1,-3,75,74,78,4,2,2,76
213,2,11,120,-1,-2,82,76,88,4,2,2,83
213,2,12,150,-2,-1,49,96,102,4,2,2,50
213,2,13,200,-1,-1,93,93,107,4,2,2,94
213,2,14,60,-1,-2,41,44,32,4,2,2,42
213,2,15,40,-1,-3,29,29,33,4,2,2,30
213,2,16,100,-3,-1,24,78,74,4,2,2,25
213,2,17,60,-1,-1,24,33,27,4,2,2,25
213,2,18,90,-3,-1,21,60,70,4,2,2,22
213,2,19,120,-2,-1,40,94,73,4,2,2,41
213,2,20,80,-1,-3,66,58,66,4,2,2,67
213,2,1,75,2,1,17,54,48,3,2,1,18
213,2,2,90,3,1,23,78,64,3,2,1,24
213,2,3,200,1,1,107,94,106,3,2,1,108
213,2,4,80,3,1,20,63,59,3,2,1,21
213,2,5,150,2,1,52,94,103,3,2,1,53
213,2,6,100,1,1,47,43,57,3,2,1,48
213,2,7,40,3,1,6,33,29,3,2,1,7
213,2,8,80,1,3,68,58,66,3,2,1,69
213,2,9,120,2,1,39,86,77,3,2,1,40
213,2,10,60,1,1,28,36,24,3,2,1,29
213,2,11,120,1,2,68,76,88,3,2,1,69
213,2,12,40,1,3,31,26,42,3,2,1,32
213,2,13,60,1,2,37,36,48,3,2,1,38
213,2,14,100,3,1,27,81,73,3,2,1,28
213,2,15,120,1,1,60,54,66,3,2,1,61
213,2,16,100,1,3,78,75,75,3,2,1,79
213,2,17,150,1,2,100,95,110,3,2,1,101
213,2,18,60,2,1,18,52,34,3,2,1,19
213,2,19,75,1,2,52,46,58,3,2,1,53
213,2,20,90,1,3,69,68,66,3,2,1,70
214,2,1,200,-1,-1,2,9,191,2,1,2,3
214,2,2,100,-1,-3,8,14,258,2,1,2,9
214,2,3,120,-1,-2,65,18,204,2,1,2,66
214,2,4,60,-1,-1,31,8,52,2,1,2,32
214,2,5,75,-2,-1,6,24,63,2,1,2,7
214,2,6,40,-1,-3,1,8,96,2,1,2,2
214,2,7,120,-2,-1,9,24,108,2,1,2,10
214,2,8,100,-3,-1,14,30,90,2,1,2,15
214,2,9,75,-1,-2,2,6,138,2,1,2,3
214,2,10,100,-1,-1,26,9,91,2,1,2,27
214,2,11,90,-1,-3,12,8,246,2,1,2,13
214,2,12,150,-2,-1,3,24,138,2,1,2,4
214,2,13,60,-1,-2,39,8,104,2,1,2,40
214,2,14,80,-1,-3,9,6,222,2,1,2,10
214,2,15,40,-3,-1,4,24,32,2,1,2,5
214,2,16,150,-1,-2,17,12,276,2,1,2,18
214,2,17,60,-2,-1,14,10,55,2,1,2,15
214,2,18,90,-3,-1,13,15,85,2,1,2,14
214,2,19,120,-1,-1,12,10,110,2,1,2,13
214,2,20,80,-3,-1,3,21,73,2,1,2,4
214,2,1,120,2,1,119,222,9,1,1,1,120
214,2,2,100,1,3,93,90,30,1,1,1,94
214,2,3,200,1,1,173,184,16,1,1,1,174
214,2,4,40,1,3,35,35,15,1,1,1,36
214,2,5,60,1,2,59,54,12,1,1,1,60
214,2,6,150,2,1,149,272,14,1,1,1,150
214,2,7,80,3,1,79,219,7,1,1,1,80
214,2,8,75,1,2,69,68,14,1,1,1,70
214,2,9,60,1,1,50,54,6,1,1,1,51
214,2,10,75,2,1,70,138,6,1,1,1,71
214,2,11,90,1,3,72,82,24,1,1,1,73
214,2,12,120,1,1,102,111,9,1,1,1,103
214,2,13,100,3,1,89,270,10,1,1,1,90
214,2,14,60,2,1,58,106,7,1,1,1,59
214,2,15,100,1,1,86,90,10,1,1,1,87
214,2,16,150,1,2,137,134,32,1,1,1,138
214,2,17,40,3,1,37,114,2,1,1,1,38
214,2,18,80,1,3,73,75,15,1,1,1,74
214,2,19,120,1,2,109,111,18,1,1,1,110
214,2,20,90,3,1,83,246,8,1,1,1,84
214,2,1,200,-1,-1,95,94,106,4,2,2,96
214,2,2,90,-3,-1,20,72,66,4,2,2,21
214,2,3,60,-1,-2,38,38,44,4,2,2,39
214,2,4,100,-1,-3,71,72,84,4,2,2,72
214,2,5,40,-3,-1,8,39,27,4,2,2,9
214,2,6,90,-1,-3,68,67,69,4,2,2,69
214,2,7,100,-3,-1,23,81,73,4,2,2,24
214,2,8,120,-2,-1,42,76,82,4,2,2,43
214,2,9,40,-1,-3,30,29,33,4,2,2,31
214,2,10,120,-1,-2,84,85,70,4,2,2,85
214,2,11,150,-2,-1,51,104,98,4,2,2,52
214,2,12,100,-1,-1,50,55,45,4,2,2,51
214,2,13,75,-2,-1,23,52,49,4,2,2,24
214,2,14,80,-3,-1,19,54,62,4,2,2,20
214,2,15,75,-1,-2,47,46,58,4,2,2,48
214,2,16,120,-1,-1,63,69,51,4,2,2,64
214,2,17,150,-1,-2,105,98,104,4,2,2,106
214,2,18,60,-1,-1,35,33,27,4,2,2,36
214,2,19,80,-1,-3,64,56,72,4,2,2,65
214,2,20,60,-2,-1,34,48,36,4,2,2,35
214,2,1,80,3,1,23,66,58,3,2,1,24
214,2,2,150,2,1,51,94,103,3,2,1,52
214,2,3,60,1,2,40,37,46,3,2,1,41
214,2,4,80,1,3,61,55,75,3,2,1,62
214,2,5,200,1,1,154,96,104,3,2,1,155
214,2,6,75,2,1,18,58,46,3,2,1,19
214,2,7,150,1,2,99,98,104,3,2,1,100
214,2,8,100,3,1,32,84,72,3,2,1,33
214,2,9,60,1,1,28,36,24,3,2,1,29
214,2,10,100,1,3,73,72,84,3,2,1,74
214,2,11,120,2,1,41,86,77,3,2,1,42
214,2,12,40,1,3,28,27,39,3,2,1,29
214,2,13,100,1,1,48,57,43,3,2,1,49
214,2,14,90,1,3,68,64,78,3,2,1,69
214,2,15,120,1,2,81,82,76,3,2,1,82
214,2,16,90,3,1,22,78,64,3,2,1,23
214,2,17,120,1,1,79,53,67,3,2,1,80
214,2,18,60,2,1,27,46,37,3,2,1,28
214,2,19,40,3,1,10,33,29,3,2,1,11
214,2,20,75,1,2,54,47,56,3,2,1,55
215,1,1,120,-2,-1,11,40,100,2,1,2,12
215,1,2,100,-1,-3,25,11,267,2,1,2,26
215,1,3,200,-1,-1,38,12,188,2,1,2,39
215,1,4,90,-3,-1,0,15,85,2,1,2,1
215,1,5,150,-1,-2,14,23,254,2,1,2,15
215,1,6,75,-2,-1,41,12,69,2,1,2,42
215,1,7,90,-1,-3,5,7,249,2,1,2,6
215,1,8,120,-1,-2,3,14,212,2,1,2,4
215,1,9,100,-3,-1,5,24,92,2,1,2,6
215,1,10,75,-1,-2,11,4,142,2,1,2,12
215,1,11,60,-2,-1,5,6,57,2,1,2,6
215,1,12,80,-3,-1,1,18,74,2,1,2,2
215,1,13,150,-2,-1,7,26,137,2,1,2,8
215,1,14,60,-1,-2,6,8,104,2,1,2,7
215,1,15,100,-1,-1,4,9,91,2,1,2,5
215,1,16,40,-1,-3,2,3,111,2,1,2,3
215,1,17,120,-1,-1,10,12,108,2,1,2,11
215,1,18,80,-1,-3,35,6,222,2,1,2,36
215,1,19,40,-3,-1,1,6,38,2,1,2,2
215,1,20,60,-1,-1,0,7,53,2,1,2,1
215,1,1,60,1,2,41,46,28,1,1,1,42
215,1,2,75,2,1,56,134,8,1,1,1,57
215,1,3,120,1,1,115,103,17,1,1,1,116
215,1,4,100,1,3,92,94,18,1,1,1,93
215,1,5,60,1,1,59,50,10,1,1,1,60
215,1,6,120,1,2,115,105,30,1,1,1,116
215,1,7,80,1,3,78,75,15,1,1,1,79
215,1,8,90,3,1,90,225,15,1,1,1,91
215,1,9,40,1,3,31,35,15,1,1,1,32
215,1,10,100,1,1,94,95,5,1,1,1,95
215,1,11,60,2,1,48,104,8,1,1,1,49
215,1,12,150,1,2,145,132,36,1,1,1,146
215,1,13,40,3,1,39,108,4,1,1,1,40
215,1,14,120,2,1,107,206,17,1,1,1,108
215,1,15,100,3,1,100,273,9,1,1,1,101
215,1,16,75,1,2,45,68,14,1,1,1,46
215,1,17,200,1,1,198,179,21,1,1,1,199
215,1,18,90,1,3,79,82,24,1,1,1,80
215,1,19,150,2,1,103,262,19,1,1,1,104
215,1,20,80,3,1,78,210,10,1,1,1,79
215,2,1,80,-1,-3,59,57,69,4,2,2,60
215,2,2,60,-1,-2,35,36,48,4,2,2,36
215,2,3,200,-1,-1,108,87,113,4,2,2,109
215,2,4,60,-2,-1,19,44,38,4,2,2,20
215,2,5,120,-1,-1,61,84,36,4,2,2,62
215,2,6,90,-1,-3,65,55,105,4,2,2,66
215,2,7,60,-1,-1,20,26,34,4,2,2,21
215,2,8,150,-1,-2,100,98,104,4,2,2,101
215,2,9,80,-3,-1,20,81,53,4,2,2,21
215,2,10,75,-1,-2,49,47,56,4,2,2,50
215,2,11,100,-3,-1,24,87,71,4,2,2,25
215,2,12,120,-2,-1,21,72,84,4,2,2,22
215,2,13,100,-1,-3,70,71,87,4,2,2,71
215,2,14,150,-2,-1,58,98,101,4,2,2,59
215,2,15,40,-1,-3,31,28,36,4,2,2,32
215,2,16,75,-2,-1,27,48,51,4,2,2,28
215,2,17,40,-3,-1,5,27,31,4,2,2,6
215,2,18,120,-1,-2,71,74,92,4,2,2,72
215,2,19,90,-3,-1,15,45,75,4,2,2,16
215,2,20,100,-1,-1,36,58,42,4,2,2,37
215,1,1,90,3,1,29,81,63,3,2,1,30
215,1,2,200,1,1,99,89,111,3,2,1,100
215,1,3,40,3,1,10,33,29,3,2,1,11
215,1,4,120,1,1,46,53,67,3,2,1,47
215,1,5,150,2,1,49,94,103,3,2,1,50
215,1,6,80,1,3,60,49,93,3,2,1,61
215,1,7,150,1,2,100,97,106,3,2,1,101
215,1,8,40,1,3,28,25,45,3,2,1,29
215,1,9,75,2,1,25,48,51,3,2,1,26
215,1,10,80,3,1,16,57,61,3,2,1,17
215,1,11,60,1,2,43,35,50,3,2,1,44
215,1,12,90,1,3,68,63,81,3,2,1,69
215,1,13,120,1,2,82,78,84,3,2,1,83
215,1,14,100,1,3,71,75,75,3,2,1,72
215,1,15,75,1,2,50,44,62,3,2,1,51
215,1,16,100,3,1,30,69,77,3,2,1,31
215,1,17,60,2,1,20,34,43,3,2,1,21
215,1,18,100,1,1,51,45,55,3,2,1,52
215,1,19,120,2,1,43,80,80,3,2,1,44
215,1,20,60,1,1,18,30,30,3,2,1,19
216,2,1,80,-3,-1,4,21,73,2,1,2,5
216,2,2,100,-1,-1,20,12,88,2,1,2,21
216,2,3,75,-1,-2,25,7,136,2,1,2,26
216,2,4,60,-1,-1,13,4,56,2,1,2,14
216,2,5,150,-1,-2,13,14,272,2,1,2,14
216,2,6,75,-2,-1,3,18,66,2,1,2,4
216,2,7,200,-1,-1,56,25,175,2,1,2,57
216,2,8,100,-3,-1,27,21,93,2,1,2,28
216,2,9,80,-1,-3,20,6,222,2,1,2,21
216,2,10,40,-3,-1,3,6,38,2,1,2,4
216,2,11,150,-2,-1,18,34,133,2,1,2,19
216,2,12,100,-1,-3,47,16,252,2,1,2,48
216,2,13,60,-2,-1,3,8,56,2,1,2,4
216,2,14,120,-1,-2,0,13,214,2,1,2,1
216,2,15,90,-3,-1,10,18,84,2,1,2,11
216,2,16,120,-2,-1,9,20,110,2,1,2,10
216,2,17,60,-1,-2,21,8,104,2,1,2,22
216,2,18,90,-1,-3,17,13,231,2,1,2,18
216,2,19,120,-1,-1,2,20,100,2,1,2,3
216,2,20,40,-1,-3,2,7,99,2,1,2,3
216,2,1,150,2,1,140,232,34,1,1,1,141
216,2,2,40,3,1,30,96,8,1,1,1,31
216,2,3,60,1,1,33,52,8,1,1,1,34
216,2,4,150,1,2,147,129,42,1,1,1,148
216,2,5,90,1,3,84,84,18,1,1,1,85
216,2,6,75,2,1,57,122,14,1,1,1,58
216,2,7,100,1,3,77,89,33,1,1,1,78
216,2,8,120,1,2,119,109,22,1,1,1,120
216,2,9,40,1,3,33,37,9,1,1,1,34
216,2,10,60,2,1,54,102,9,1,1,1,55
216,2,11,120,1,1,108,105,15,1,1,1,109
216,2,12,100,3,1,88,264,12,1,1,1,89
216,2,13,80,1,3,61,76,12,1,1,1,62
216,2,14,100,1,1,79,89,11,1,1,1,80
216,2,15,60,1,2,56,58,4,1,1,1,57
216,2,16,120,2,1,91,200,20,1,1,1,92
216,2,17,200,1,1,189,164,36,1,1,1,190
216,2,18,90,3,1,29,234,12,1,1,1,30
216,2,19,75,1,2,63,70,10,1,1,1,64
216,2,20,80,3,1,58,213,9,1,1,1,59
216,2,1,60,-1,-1,27,26,34,4,2,2,28
216,2,2,80,-1,-3,59,54,78,4,2,2,60
216,2,3,90,-3,-1,26,63,69,4,2,2,27
216,2,4,100,-1,-3,79,66,102,4,2,2,80
216,2,5,120,-1,-1,61,68,52,4,2,2,62
216,2,6,80,-3,-1,13,75,55,4,2,2,14
216,2,7,75,-2,-1,26,54,48,4,2,2,27
216,2,8,90,-1,-3,64,66,72,4,2,2,65
216,2,9,120,-1,-2,81,72,96,4,2,2,82
216,2,10,100,-1,-1,37,44,56,4,2,2,38
216,2,11,120,-2,-1,39,70,85,4,2,2,40
216,2,12,100,-3,-1,15,69,77,4,2,2,16
216,2,13,60,-1,-2,39,38,44,4,2,2,40
216,2,14,150,-2,-1,42,94,103,4,2,2,43
216,2,15,40,-3,-1,9,27,31,4,2,2,10
216,2,16,150,-1,-2,95,97,106,4,2,2,96
216,2,17,40,-1,-3,31,27,39,4,2,2,32
216,2,18,60,-2,-1,22,38,41,4,2,2,23
216,2,19,75,-1,-2,48,50,50,4,2,2,49
216,2,20,200,-1,-1,106,97,103,4,2,2,107
216,2,1,80,1,3,59,55,75,3,2,1,60
216,2,2,75,1,2,49,42,66,3,2,1,50
216,2,3,60,2,1,24,46,37,3,2,1,25
216,2,4,40,1,3,29,28,36,3,2,1,30
216,2,5,100,1,1,39,44,56,3,2,1,40
216,2,6,60,1,2,48,36,48,3,2,1,49
216,2,7,120,2,1,29,78,81,3,2,1,30
216,2,8,100,1,3,74,73,81,3,2,1,75
216,2,9,200,1,1,92,87,113,3,2,1,93
216,2,10,150,1,2,99,98,104,3,2,1,100
216,2,11,90,3,1,24,78,64,3,2,1,25
216,2,12,75,2,1,30,62,44,3,2,1,31
216,2,13,60,1,1,14,30,30,3,2,1,15
216,2,14,80,3,1,20,72,56,3,2,1,21
216,2,15,150,2,1,48,108,96,3,2,1,49
216,2,16,100,3,1,24,90,70,3,2,1,25
216,2,17,120,1,1,61,66,54,3,2,1,62
216,2,18,40,3,1,5,54,22,3,2,1,6
216,2,19,90,1,3,69,53,111,3,2,1,70
216,2,20,120,1,2,73,71,98,3,2,1,74
