subid,gender,trial,pool,rate_s,rate_o,choice_raw,outcome_s,outcome_o,conds,party,frame,choice,
1111,1,1,120,-2,-1,39,78,81,2,1,2,40
1111,1,2,100,-1,-3,50,50,150,2,1,2,51
1111,1,3,200,-1,-1,100,100,100,2,1,2,101
1111,1,4,90,-3,-1,16,48,74,2,1,2,17
1111,1,5,150,-1,-2,75,75,150,2,1,2,76
1111,1,6,75,-2,-1,15,30,60,2,1,2,16
1111,1,7,90,-1,-3,62,62,84,2,1,2,63
1111,1,8,120,-1,-2,80,80,80,2,1,2,81
1111,1,9,100,-3,-1,25,75,75,2,1,2,26
1111,1,10,75,-1,-2,50,50,50,2,1,2,51
1111,1,11,60,-2,-1,20,40,40,2,1,2,21
1111,1,12,80,-3,-1,20,60,60,2,1,2,21
1111,1,13,150,-2,-1,50,100,100,2,1,2,51
1111,1,14,60,-1,-2,40,40,40,2,1,2,41
1111,1,15,100,-1,-1,51,51,49,2,1,2,52
1111,1,16,40,-1,-3,30,30,30,2,1,2,31
1111,1,17,120,-1,-1,60,60,60,2,1,2,61
1111,1,18,80,-1,-3,60,60,60,2,1,2,61
1111,1,19,40,-3,-1,8,24,32,2,1,2,9
1111,1,20,60,-1,-1,30,30,30,2,1,2,31
1112,1,1,90,-3,-1,1,3,89,2,1,2,2
1112,1,2,200,-1,-1,3,3,197,2,1,2,4
1112,1,3,40,-3,-1,2,6,38,2,1,2,3
1112,1,4,120,-1,-1,5,5,115,2,1,2,6
1112,1,5,150,-2,-1,3,6,147,2,1,2,4
1112,1,6,80,-1,-3,3,3,231,2,1,2,4
1112,1,7,150,-1,-2,6,6,288,2,1,2,7
1112,1,8,40,-1,-3,3,3,111,2,1,2,4
1112,1,9,75,-2,-1,3,6,72,2,1,2,4
1112,1,10,80,-3,-1,1,3,79,2,1,2,2
1112,1,11,60,-1,-2,2,2,116,2,1,2,3
1112,1,12,90,-1,-3,2,2,264,2,1,2,3
1112,1,13,120,-1,-2,2,2,236,2,1,2,3
1112,1,14,100,-1,-3,2,2,294,2,1,2,3
1112,1,15,75,-1,-2,2,2,146,2,1,2,3
1112,1,16,100,-3,-1,1,3,99,2,1,2,2
1112,1,17,60,-2,-1,1,2,59,2,1,2,2
1112,1,18,100,-1,-1,2,2,98,2,1,2,3
1112,1,19,120,-2,-1,2,4,118,2,1,2,3
1112,1,20,60,-1,-1,1,1,59,2,1,2,2
1113,1,1,150,-2,-1,50,100,100,2,1,2,51
1113,1,2,40,-3,-1,10,30,30,2,1,2,11
1113,1,3,60,-1,-1,30,30,30,2,1,2,31
1113,1,4,150,-1,-2,100,100,100,2,1,2,101
1113,1,7,100,-1,-3,50,50,150,2,1,2,51
1113,1,8,120,-1,-2,60,60,120,2,1,2,61
1113,1,9,40,-1,-3,20,20,60,2,1,2,21
1113,1,10,60,-2,-1,20,40,40,2,1,2,21
1113,1,11,120,-1,-1,60,60,60,2,1,2,61
1113,1,12,100,-3,-1,20,60,80,2,1,2,21
1113,1,13,80,-1,-3,40,40,120,2,1,2,41
1113,1,14,100,-1,-1,50,50,50,2,1,2,51
1113,1,15,60,-1,-2,30,30,60,2,1,2,31
1113,1,16,120,-2,-1,35,70,85,2,1,2,36
1113,1,17,200,-1,-1,100,100,100,2,1,2,101
1113,1,18,90,-3,-1,21,63,69,2,1,2,22
1113,1,19,75,-1,-2,37,37,76,2,1,2,38
1113,1,20,80,-3,-1,16,48,64,2,1,2,17
1114,1,1,60,-1,-1,30,30,30,2,1,2,31
1114,1,2,80,-1,-3,80,80,0,2,1,2,81
1114,1,4,100,-1,-3,100,100,0,2,1,2,101
1114,1,5,120,-1,-1,60,60,60,2,1,2,61
1114,1,8,90,-1,-3,90,90,0,2,1,2,91
1114,1,9,120,-1,-2,120,120,0,2,1,2,121
1114,1,10,100,-1,-1,50,50,50,2,1,2,51
1114,1,13,60,-1,-2,60,60,0,2,1,2,61
1114,1,16,150,-1,-2,150,150,0,2,1,2,151
1114,1,17,40,-1,-3,40,40,0,2,1,2,41
1114,1,18,60,-2,-1,1,2,59,2,1,2,2
1114,1,19,75,-1,-2,75,75,0,2,1,2,76
1114,1,20,200,-1,-1,100,100,100,2,1,2,101
1115,1,1,60,-2,-1,32,64,28,2,1,2,33
1115,1,2,90,-1,-3,47,47,129,2,1,2,48
1115,1,3,120,-1,-2,71,71,98,2,1,2,72
1115,1,4,40,-3,-1,22,66,18,2,1,2,23
1115,1,5,100,-1,-3,61,61,117,2,1,2,62
1115,1,6,90,-3,-1,48,144,42,2,1,2,49
1115,1,7,150,-2,-1,87,174,63,2,1,2,88
1115,1,8,75,-1,-2,41,41,68,2,1,2,42
1115,1,9,120,-2,-1,63,126,57,2,1,2,64
1115,1,10,80,-3,-1,47,141,33,2,1,2,48
1115,1,11,150,-1,-2,87,87,126,2,1,2,88
1115,1,12,120,-1,-1,65,65,55,2,1,2,66
1115,1,13,40,-1,-3,24,24,48,2,1,2,25
1115,1,14,200,-1,-1,102,102,98,2,1,2,103
1115,1,15,100,-3,-1,58,174,42,2,1,2,59
1115,1,16,60,-1,-1,33,33,27,2,1,2,34
1115,1,17,75,-2,-1,43,86,32,2,1,2,44
1115,1,18,100,-1,-1,54,54,46,2,1,2,55
1115,1,19,80,-1,-3,46,46,102,2,1,2,47
1115,1,20,60,-1,-2,34,34,52,2,1,2,35
1116,1,1,90,-1,-3,68,68,66,2,1,2,69
1116,1,2,75,-2,-1,75,150,0,2,1,2,76
1116,1,3,100,-1,-3,100,100,0,2,1,2,101
1116,1,4,60,-1,-2,30,30,60,2,1,2,31
1116,1,5,80,-3,-1,59,177,21,2,1,2,60
1116,1,6,200,-1,-1,155,155,45,2,1,2,156
1116,1,7,120,-2,-1,87,174,33,2,1,2,88
1116,1,8,100,-1,-1,77,77,23,2,1,2,78
1116,1,9,40,-1,-3,20,20,60,2,1,2,21
1116,1,10,75,-1,-2,53,53,44,2,1,2,54
1116,1,11,90,-3,-1,68,204,22,2,1,2,69
1116,1,12,150,-1,-2,119,119,62,2,1,2,120
1116,1,13,120,-1,-1,96,96,24,2,1,2,97
1116,1,14,100,-3,-1,77,231,23,2,1,2,78
1116,1,15,60,-1,-1,30,30,30,2,1,2,31
1116,1,16,80,-1,-3,52,52,84,2,1,2,53
1116,1,17,40,-3,-1,28,84,12,2,1,2,29
1116,1,18,150,-2,-1,110,220,40,2,1,2,111
1116,1,19,120,-1,-2,92,92,56,2,1,2,93
1116,1,20,60,-2,-1,45,90,15,2,1,2,46
1118,1,1,60,-2,-1,20,40,40,2,1,2,21
1118,1,3,120,-1,-2,80,80,80,2,1,2,81
1118,1,4,40,-3,-1,10,30,30,2,1,2,11
1118,1,5,100,-1,-3,75,75,75,2,1,2,76
1118,1,7,150,-2,-1,50,100,100,2,1,2,51
1118,1,8,75,-1,-2,50,50,50,2,1,2,51
1118,1,9,120,-2,-1,40,80,80,2,1,2,41
1118,1,10,80,-3,-1,20,60,60,2,1,2,21
1118,1,11,150,-1,-2,100,100,100,2,1,2,101
1118,1,12,120,-1,-1,60,60,60,2,1,2,61
1118,1,13,40,-1,-3,30,30,30,2,1,2,31
1118,1,14,200,-1,-1,100,100,100,2,1,2,101
1118,1,16,60,-1,-1,30,30,30,2,1,2,31
1118,1,17,75,-2,-1,25,50,50,2,1,2,26
1118,1,18,100,-1,-1,50,50,50,2,1,2,51
1118,1,19,80,-1,-3,60,60,60,2,1,2,61
1118,1,20,60,-1,-2,40,40,40,2,1,2,41
1119,1,3,200,-1,-1,98,98,102,2,1,2,99
1119,1,4,90,-3,-1,21,63,69,2,1,2,22
1119,1,5,150,-1,-2,98,98,104,2,1,2,99
1119,1,6,75,-2,-1,24,48,51,2,1,2,25
1119,1,7,90,-1,-3,64,64,78,2,1,2,65
1119,1,8,120,-1,-2,79,79,82,2,1,2,80
1119,1,9,100,-3,-1,21,63,79,2,1,2,22
1119,1,10,75,-1,-2,48,48,54,2,1,2,49
1119,1,11,60,-2,-1,19,38,41,2,1,2,20
1119,1,12,80,-3,-1,19,57,61,2,1,2,20
1119,1,13,150,-2,-1,50,100,100,2,1,2,51
1119,1,14,60,-1,-2,37,37,46,2,1,2,38
1119,1,15,100,-1,-1,50,50,50,2,1,2,51
1119,1,16,40,-1,-3,29,29,33,2,1,2,30
1119,1,17,120,-1,-1,55,55,65,2,1,2,56
1119,1,18,80,-1,-3,60,60,60,2,1,2,61
1119,1,19,40,-3,-1,10,30,30,2,1,2,11
1119,1,20,60,-1,-1,30,30,30,2,1,2,31
1121,1,1,80,-1,-3,49,49,93,2,1,2,50
1121,1,2,75,-1,-2,43,43,64,2,1,2,44
1121,1,3,60,-2,-1,19,38,41,2,1,2,20
1121,1,4,40,-1,-3,29,29,33,2,1,2,30
1121,1,5,100,-1,-1,50,50,50,2,1,2,51
1121,1,6,60,-1,-2,30,30,60,2,1,2,31
1121,1,7,120,-2,-1,26,52,94,2,1,2,27
1121,1,8,100,-1,-3,59,59,123,2,1,2,60
1121,1,9,200,-1,-1,73,73,127,2,1,2,74
1121,1,10,150,-1,-2,75,75,150,2,1,2,76
1121,1,11,90,-3,-1,18,54,72,2,1,2,19
1121,1,12,75,-2,-1,22,44,53,2,1,2,23
1121,1,13,60,-1,-1,28,28,32,2,1,2,29
1121,1,14,80,-3,-1,38,114,42,2,1,2,39
1121,1,15,150,-2,-1,41,82,109,2,1,2,42
1121,1,16,100,-3,-1,17,51,83,2,1,2,18
1121,1,17,120,-1,-1,38,38,82,2,1,2,39
1121,1,18,40,-3,-1,9,27,31,2,1,2,10
1121,1,19,90,-1,-3,54,54,108,2,1,2,55
1121,1,20,120,-1,-2,70,70,100,2,1,2,71
1122,1,1,60,-2,-1,20,40,40,2,1,2,21
1122,1,2,90,-1,-3,67,67,69,2,1,2,68
1122,1,3,120,-1,-2,80,80,80,2,1,2,81
1122,1,4,40,-3,-1,10,30,30,2,1,2,11
1122,1,5,100,-1,-3,75,75,75,2,1,2,76
1122,1,7,150,-2,-1,50,100,100,2,1,2,51
1122,1,8,75,-1,-2,50,50,50,2,1,2,51
1122,1,9,120,-2,-1,40,80,80,2,1,2,41
1122,1,10,80,-3,-1,20,60,60,2,1,2,21
1122,1,11,150,-1,-2,100,100,100,2,1,2,101
1122,1,12,120,-1,-1,60,60,60,2,1,2,61
1122,1,13,40,-1,-3,30,30,30,2,1,2,31
1122,1,14,200,-1,-1,100,100,100,2,1,2,101
1122,1,15,100,-3,-1,25,75,75,2,1,2,26
1122,1,16,60,-1,-1,30,30,30,2,1,2,31
1122,1,17,75,-2,-1,25,50,50,2,1,2,26
1122,1,18,100,-1,-1,50,50,50,2,1,2,51
1122,1,19,80,-1,-3,60,60,60,2,1,2,61
1122,1,20,60,-1,-2,40,40,40,2,1,2,41
1123,1,1,80,-3,-1,3,9,77,2,1,2,4
1123,1,2,100,-1,-1,5,5,95,2,1,2,6
1123,1,3,150,-1,-2,10,10,280,2,1,2,11
1123,1,4,100,-1,-3,1,1,297,2,1,2,2
1123,1,5,120,-1,-2,10,10,220,2,1,2,11
1123,1,6,40,-1,-3,9,9,93,2,1,2,10
1123,1,8,120,-2,-1,1,2,119,2,1,2,2
1123,1,9,75,-1,-2,6,6,138,2,1,2,7
1123,1,10,90,-1,-3,9,9,243,2,1,2,10
1123,1,11,200,-1,-1,8,8,192,2,1,2,9
1123,1,12,40,-3,-1,6,18,34,2,1,2,7
1123,1,13,120,-1,-1,24,24,96,2,1,2,25
1123,1,14,75,-2,-1,15,30,60,2,1,2,16
1123,1,15,60,-1,-1,6,6,54,2,1,2,7
1123,1,16,90,-3,-1,3,9,87,2,1,2,4
1123,1,17,60,-1,-2,6,6,108,2,1,2,7
1123,1,18,150,-2,-1,11,22,139,2,1,2,12
1123,1,19,80,-1,-3,1,1,237,2,1,2,2
1123,1,20,60,-2,-1,1,2,59,2,1,2,2
1124,1,1,90,-1,-3,41,41,147,2,1,2,42
1124,1,2,60,-1,-2,40,40,40,2,1,2,41
1124,1,3,120,-2,-1,24,48,96,2,1,2,25
1124,1,4,90,-3,-1,17,51,73,2,1,2,18
1124,1,5,150,-2,-1,11,22,139,2,1,2,12
1124,1,6,40,-3,-1,1,3,39,2,1,2,2
1124,1,7,100,-1,-3,68,68,96,2,1,2,69
1124,1,8,150,-1,-2,75,75,150,2,1,2,76
1124,1,9,100,-3,-1,7,21,93,2,1,2,8
1124,1,11,40,-1,-3,13,13,81,2,1,2,14
1124,1,12,80,-3,-1,4,12,76,2,1,2,5
1124,1,13,75,-2,-1,11,22,64,2,1,2,12
1124,1,14,120,-1,-1,2,2,118,2,1,2,3
1124,1,15,60,-2,-1,4,8,56,2,1,2,5
1124,1,16,120,-1,-2,39,39,162,2,1,2,40
1124,1,17,80,-1,-3,25,25,165,2,1,2,26
1124,1,18,100,-1,-1,10,10,90,2,1,2,11
1124,1,19,75,-1,-2,60,60,30,2,1,2,61
1125,1,1,90,-3,-1,15,45,75,2,1,2,16
1125,1,2,150,-1,-2,75,75,150,2,1,2,76
1125,1,3,60,-1,-1,22,22,38,2,1,2,23
1125,1,5,120,-1,-1,60,60,60,2,1,2,61
1125,1,6,80,-1,-3,50,50,90,2,1,2,51
1125,1,8,90,-1,-3,58,58,96,2,1,2,59
1125,1,9,60,-2,-1,6,12,54,2,1,2,7
1125,1,10,40,-1,-3,20,20,60,2,1,2,21
1125,1,11,75,-2,-1,11,22,64,2,1,2,12
1125,1,12,100,-1,-1,50,50,50,2,1,2,51
1125,1,13,80,-3,-1,5,15,75,2,1,2,6
1125,1,14,200,-1,-1,100,100,100,2,1,2,101
1125,1,15,60,-1,-2,32,32,56,2,1,2,33
1125,1,16,40,-3,-1,3,9,37,2,1,2,4
1125,1,17,120,-2,-1,30,60,90,2,1,2,31
1125,1,19,75,-1,-2,39,39,72,2,1,2,40
1125,1,20,100,-3,-1,7,21,93,2,1,2,8
2105,2,1,90,-3,-1,10,30,80,2,1,2,11
2105,2,2,200,-1,-1,50,50,150,2,1,2,51
2105,2,3,40,-3,-1,10,30,30,2,1,2,11
2105,2,4,120,-1,-1,30,30,90,2,1,2,31
2105,2,5,150,-2,-1,35,70,115,2,1,2,36
2105,2,6,80,-1,-3,40,40,120,2,1,2,41
2105,2,7,150,-1,-2,75,75,150,2,1,2,76
2105,2,8,40,-1,-3,30,30,30,2,1,2,31
2105,2,9,75,-2,-1,15,30,60,2,1,2,16
2105,2,10,80,-3,-1,14,42,66,2,1,2,15
2105,2,11,60,-1,-2,30,30,60,2,1,2,31
2105,2,12,90,-1,-3,62,62,84,2,1,2,63
2105,2,13,120,-1,-2,71,71,98,2,1,2,72
2105,2,14,100,-1,-3,64,64,108,2,1,2,65
2105,2,15,75,-1,-2,40,40,70,2,1,2,41
2105,2,16,100,-3,-1,20,60,80,2,1,2,21
2105,2,17,60,-2,-1,16,32,44,2,1,2,17
2105,2,18,100,-1,-1,50,50,50,2,1,2,51
2105,2,19,120,-2,-1,27,54,93,2,1,2,28
2105,2,20,60,-1,-1,1,1,59,2,1,2,2
2106,2,2,200,-1,-1,100,100,100,2,1,2,101
2106,2,4,120,-1,-1,60,60,60,2,1,2,61
2106,2,5,150,-2,-1,50,100,100,2,1,2,51
2106,2,7,150,-1,-2,100,100,100,2,1,2,101
2106,2,8,40,-1,-3,30,30,30,2,1,2,31
2106,2,9,75,-2,-1,25,50,50,2,1,2,26
2106,2,10,80,-3,-1,20,60,60,2,1,2,21
2106,2,11,60,-1,-2,40,40,40,2,1,2,41
2106,2,12,90,-1,-3,68,68,66,2,1,2,69
2106,2,13,120,-1,-2,80,80,80,2,1,2,81
2106,2,14,100,-1,-3,75,75,75,2,1,2,76
2106,2,15,75,-1,-2,50,50,50,2,1,2,51
2106,2,16,100,-3,-1,25,75,75,2,1,2,26
2106,2,17,60,-2,-1,20,40,40,2,1,2,21
2106,2,18,100,-1,-1,50,50,50,2,1,2,51
2106,2,19,120,-2,-1,40,80,80,2,1,2,41
2106,2,20,60,-1,-1,30,30,30,2,1,2,31
2107,2,1,60,-2,-1,39,78,21,2,1,2,40
2107,2,3,120,-1,-2,53,53,134,2,1,2,54
2107,2,4,40,-3,-1,4,12,36,2,1,2,5
2107,2,5,100,-1,-3,50,50,150,2,1,2,51
2107,2,6,90,-3,-1,14,42,76,2,1,2,15
2107,2,7,150,-2,-1,25,50,125,2,1,2,26
2107,2,8,75,-1,-2,28,28,94,2,1,2,29
2107,2,9,120,-2,-1,26,52,94,2,1,2,27
2107,2,10,80,-3,-1,12,36,68,2,1,2,13
2107,2,11,150,-1,-2,63,63,174,2,1,2,64
2107,2,12,120,-1,-1,33,33,87,2,1,2,34
2107,2,13,40,-1,-3,20,20,60,2,1,2,21
2107,2,14,200,-1,-1,50,50,150,2,1,2,51
2107,2,15,100,-3,-1,15,45,85,2,1,2,16
2107,2,16,60,-1,-1,20,20,40,2,1,2,21
2107,2,17,75,-2,-1,15,30,60,2,1,2,16
2107,2,18,100,-1,-1,37,37,63,2,1,2,38
2107,2,19,80,-1,-3,49,49,93,2,1,2,50
2107,2,20,60,-1,-2,35,35,50,2,1,2,36
2108,2,2,200,-1,-1,97,97,103,2,1,2,98
2108,2,3,40,-3,-1,8,24,32,2,1,2,9
2108,2,4,120,-1,-1,55,55,65,2,1,2,56
2108,2,5,150,-2,-1,48,96,102,2,1,2,49
2108,2,6,80,-1,-3,59,59,63,2,1,2,60
2108,2,7,150,-1,-2,98,98,104,2,1,2,99
2108,2,8,40,-1,-3,32,32,24,2,1,2,33
2108,2,9,75,-2,-1,26,52,49,2,1,2,27
2108,2,10,80,-3,-1,17,51,63,2,1,2,18
2108,2,11,60,-1,-2,38,38,44,2,1,2,39
2108,2,12,90,-1,-3,67,67,69,2,1,2,68
2108,2,13,120,-1,-2,78,78,84,2,1,2,79
2108,2,14,100,-1,-3,74,74,78,2,1,2,75
2108,2,15,75,-1,-2,51,51,48,2,1,2,52
2108,2,17,60,-2,-1,19,38,41,2,1,2,20
2108,2,18,100,-1,-1,47,47,53,2,1,2,48
2108,2,19,120,-2,-1,39,78,81,2,1,2,40
2108,2,20,60,-1,-1,29,29,31,2,1,2,30
2109,2,1,90,-1,-3,62,62,84,2,1,2,63
2109,2,2,60,-1,-2,40,40,40,2,1,2,41
2109,2,3,120,-2,-1,40,80,80,2,1,2,41
2109,2,4,90,-3,-1,20,60,70,2,1,2,21
2109,2,5,150,-2,-1,44,88,106,2,1,2,45
2109,2,6,40,-3,-1,8,24,32,2,1,2,9
2109,2,7,100,-1,-3,74,74,78,2,1,2,75
2109,2,8,150,-1,-2,93,93,114,2,1,2,94
2109,2,9,100,-3,-1,25,75,75,2,1,2,26
2109,2,10,200,-1,-1,100,100,100,2,1,2,101
2109,2,11,40,-1,-3,30,30,30,2,1,2,31
2109,2,12,80,-3,-1,20,60,60,2,1,2,21
2109,2,13,75,-2,-1,20,40,55,2,1,2,21
2109,2,14,120,-1,-1,60,60,60,2,1,2,61
2109,2,15,60,-2,-1,19,38,41,2,1,2,20
2109,2,16,120,-1,-2,83,83,74,2,1,2,84
2109,2,17,80,-1,-3,60,60,60,2,1,2,61
2109,2,18,100,-1,-1,50,50,50,2,1,2,51
2109,2,19,75,-1,-2,50,50,50,2,1,2,51
2109,2,20,60,-1,-1,30,30,30,2,1,2,31
2113,2,1,90,-3,-1,19,57,71,2,1,2,20
2113,2,2,200,-1,-1,100,100,100,2,1,2,101
2113,2,3,40,-3,-1,9,27,31,2,1,2,10
2113,2,4,120,-1,-1,60,60,60,2,1,2,61
2113,2,5,150,-2,-1,50,100,100,2,1,2,51
2113,2,6,80,-1,-3,56,56,72,2,1,2,57
2113,2,7,150,-1,-2,97,97,106,2,1,2,98
2113,2,8,40,-1,-3,29,29,33,2,1,2,30
2113,2,9,75,-2,-1,26,52,49,2,1,2,27
2113,2,10,80,-3,-1,20,60,60,2,1,2,21
2113,2,11,60,-1,-2,39,39,42,2,1,2,40
2113,2,12,90,-1,-3,67,67,69,2,1,2,68
2113,2,13,120,-1,-2,78,78,84,2,1,2,79
2113,2,14,100,-1,-3,75,75,75,2,1,2,76
2113,2,15,75,-1,-2,49,49,52,2,1,2,50
2113,2,16,100,-3,-1,24,72,76,2,1,2,25
2113,2,17,60,-2,-1,20,40,40,2,1,2,21
2113,2,18,100,-1,-1,50,50,50,2,1,2,51
2113,2,19,120,-2,-1,38,76,82,2,1,2,39
2113,2,20,60,-1,-1,29,29,31,2,1,2,30
2114,2,2,60,-1,-2,36,36,48,2,1,2,37
2114,2,3,200,-1,-1,100,100,100,2,1,2,101
2114,2,4,60,-2,-1,22,44,38,2,1,2,23
2114,2,5,120,-1,-1,63,63,57,2,1,2,64
2114,2,6,90,-1,-3,54,54,108,2,1,2,55
2114,2,7,60,-1,-1,35,35,25,2,1,2,36
2114,2,8,150,-1,-2,80,80,140,2,1,2,81
2114,2,9,80,-3,-1,20,60,60,2,1,2,21
2114,2,10,75,-1,-2,44,44,62,2,1,2,45
2114,2,11,100,-3,-1,24,72,76,2,1,2,25
2114,2,12,120,-2,-1,35,70,85,2,1,2,36
2114,2,13,100,-1,-3,56,56,132,2,1,2,57
2114,2,14,150,-2,-1,41,82,109,2,1,2,42
2114,2,15,40,-1,-3,25,25,45,2,1,2,26
2114,2,18,120,-1,-2,60,60,120,2,1,2,61
2114,2,19,90,-3,-1,10,30,80,2,1,2,11
2115,2,1,60,-2,-1,20,40,40,2,1,2,21
2115,2,2,90,-1,-3,67,67,69,2,1,2,68
2115,2,3,120,-1,-2,78,78,84,2,1,2,79
2115,2,5,100,-1,-3,72,72,84,2,1,2,73
2115,2,6,90,-3,-1,21,63,69,2,1,2,22
2115,2,7,150,-2,-1,43,86,107,2,1,2,44
2115,2,8,75,-1,-2,51,51,48,2,1,2,52
2115,2,9,120,-2,-1,41,82,79,2,1,2,42
2115,2,10,80,-3,-1,20,60,60,2,1,2,21
2115,2,11,150,-1,-2,100,100,100,2,1,2,101
2115,2,12,120,-1,-1,60,60,60,2,1,2,61
2115,2,13,40,-1,-3,29,29,33,2,1,2,30
2115,2,14,200,-1,-1,100,100,100,2,1,2,101
2115,2,15,100,-3,-1,23,69,77,2,1,2,24
2115,2,16,60,-1,-1,30,30,30,2,1,2,31
2115,2,17,75,-2,-1,25,50,50,2,1,2,26
2115,2,18,100,-1,-1,50,50,50,2,1,2,51
2115,2,19,80,-1,-3,59,59,63,2,1,2,60
2115,2,20,60,-1,-2,40,40,40,2,1,2,41
2116,2,1,60,-1,-2,40,40,40,2,1,2,41
2116,2,2,75,-2,-1,25,50,50,2,1,2,26
2116,2,3,120,-1,-1,60,60,60,2,1,2,61
2116,2,4,100,-1,-3,75,75,75,2,1,2,76
2116,2,5,60,-1,-1,30,30,30,2,1,2,31
2116,2,6,120,-1,-2,79,79,82,2,1,2,80
2116,2,7,80,-1,-3,60,60,60,2,1,2,61
2116,2,9,40,-1,-3,30,30,30,2,1,2,31
2116,2,10,100,-1,-1,50,50,50,2,1,2,51
2116,2,11,60,-2,-1,20,40,40,2,1,2,21
2116,2,12,150,-1,-2,99,99,102,2,1,2,100
2116,2,13,40,-3,-1,10,30,30,2,1,2,11
2116,2,14,120,-2,-1,40,80,80,2,1,2,41
2116,2,15,100,-3,-1,25,75,75,2,1,2,26
2116,2,16,75,-1,-2,50,50,50,2,1,2,51
2116,2,17,200,-1,-1,100,100,100,2,1,2,101
2116,2,19,150,-2,-1,50,100,100,2,1,2,51
2116,2,20,80,-3,-1,20,60,60,2,1,2,21
2117,2,1,90,-3,-1,10,30,80,2,1,2,11
2117,2,2,200,-1,-1,40,40,160,2,1,2,41
2117,2,3,40,-3,-1,10,30,30,2,1,2,11
2117,2,4,120,-1,-1,30,30,90,2,1,2,31
2117,2,6,80,-1,-3,30,30,150,2,1,2,31
2117,2,7,150,-1,-2,40,40,220,2,1,2,41
2117,2,8,40,-1,-3,12,12,84,2,1,2,13
2117,2,9,75,-2,-1,15,30,60,2,1,2,16
2117,2,10,80,-3,-1,10,30,70,2,1,2,11
2117,2,11,60,-1,-2,21,21,78,2,1,2,22
2117,2,12,90,-1,-3,30,30,180,2,1,2,31
2117,2,13,120,-1,-2,40,40,160,2,1,2,41
2117,2,14,100,-1,-3,30,30,210,2,1,2,31
2117,2,15,75,-1,-2,30,30,90,2,1,2,31
2117,2,16,100,-3,-1,10,30,90,2,1,2,11
2117,2,17,60,-2,-1,15,30,45,2,1,2,16
2117,2,18,100,-1,-1,30,30,70,2,1,2,31
2117,2,19,120,-2,-1,15,30,105,2,1,2,16
2117,2,20,60,-1,-1,20,20,40,2,1,2,21
2118,2,2,100,-1,-1,50,50,50,2,1,2,51
2118,2,4,60,-1,-1,30,30,30,2,1,2,31
2118,2,5,150,-1,-2,100,100,100,2,1,2,101
2118,2,6,75,-2,-1,25,50,50,2,1,2,26
2118,2,7,200,-1,-1,100,100,100,2,1,2,101
2118,2,8,100,-3,-1,25,75,75,2,1,2,26
2118,2,10,40,-3,-1,10,30,30,2,1,2,11
2118,2,11,150,-2,-1,50,100,100,2,1,2,51
2118,2,12,100,-1,-3,75,75,75,2,1,2,76
2118,2,13,60,-2,-1,20,40,40,2,1,2,21
2118,2,14,120,-1,-2,80,80,80,2,1,2,81
2118,2,16,120,-2,-1,40,80,80,2,1,2,41
2118,2,17,60,-1,-2,40,40,40,2,1,2,41
2118,2,18,90,-1,-3,69,69,63,2,1,2,70
2118,2,19,120,-1,-1,60,60,60,2,1,2,61
2118,2,20,40,-1,-3,30,30,30,2,1,2,31
2119,2,1,80,-3,-1,16,48,64,2,1,2,17
2119,2,2,100,-1,-1,45,45,55,2,1,2,46
2119,2,3,75,-1,-2,48,48,54,2,1,2,49
2119,2,4,60,-1,-1,30,30,30,2,1,2,31
2119,2,5,150,-1,-2,95,95,110,2,1,2,96
2119,2,6,75,-2,-1,24,48,51,2,1,2,25
2119,2,7,200,-1,-1,95,95,105,2,1,2,96
2119,2,8,100,-3,-1,23,69,77,2,1,2,24
2119,2,9,80,-1,-3,58,58,66,2,1,2,59
2119,2,10,40,-3,-1,10,30,30,2,1,2,11
2119,2,11,150,-2,-1,48,96,102,2,1,2,49
2119,2,12,100,-1,-3,72,72,84,2,1,2,73
2119,2,13,60,-2,-1,18,36,42,2,1,2,19
2119,2,14,120,-1,-2,76,76,88,2,1,2,77
2119,2,15,90,-3,-1,21,63,69,2,1,2,22
2119,2,16,120,-2,-1,40,80,80,2,1,2,41
2119,2,17,60,-1,-2,40,40,40,2,1,2,41
2119,2,18,90,-1,-3,66,66,72,2,1,2,67
2119,2,19,120,-1,-1,57,57,63,2,1,2,58
2119,2,20,40,-1,-3,28,28,36,2,1,2,29
2120,2,1,150,-2,-1,50,100,100,2,1,2,51
2120,2,2,40,-3,-1,10,30,30,2,1,2,11
2120,2,3,60,-1,-1,30,30,30,2,1,2,31
2120,2,4,150,-1,-2,100,100,100,2,1,2,101
2120,2,5,90,-1,-3,67,67,69,2,1,2,68
2120,2,6,75,-2,-1,25,50,50,2,1,2,26
2120,2,7,100,-1,-3,75,75,75,2,1,2,76
2120,2,8,120,-1,-2,80,80,80,2,1,2,81
2120,2,9,40,-1,-3,30,30,30,2,1,2,31
2120,2,10,60,-2,-1,20,40,40,2,1,2,21
2120,2,11,120,-1,-1,60,60,60,2,1,2,61
2120,2,12,100,-3,-1,25,75,75,2,1,2,26
2120,2,13,80,-1,-3,60,60,60,2,1,2,61
2120,2,14,100,-1,-1,50,50,50,2,1,2,51
2120,2,15,60,-1,-2,40,40,40,2,1,2,41
2120,2,16,120,-2,-1,40,80,80,2,1,2,41
2120,2,17,200,-1,-1,100,100,100,2,1,2,101
2120,2,18,90,-3,-1,22,66,68,2,1,2,23
2120,2,19,75,-1,-2,50,50,50,2,1,2,51
2120,2,20,80,-3,-1,20,60,60,2,1,2,21
2121,2,1,90,-3,-1,22,66,68,2,1,2,23
2121,2,2,200,-1,-1,100,100,100,2,1,2,101
2121,2,3,40,-3,-1,10,30,30,2,1,2,11
2121,2,4,120,-1,-1,58,58,62,2,1,2,59
2121,2,5,150,-2,-1,50,100,100,2,1,2,51
2121,2,7,150,-1,-2,93,93,114,2,1,2,94
2121,2,8,40,-1,-3,31,31,27,2,1,2,32
2121,2,9,75,-2,-1,25,50,50,2,1,2,26
2121,2,10,80,-3,-1,20,60,60,2,1,2,21
2121,2,11,60,-1,-2,40,40,40,2,1,2,41
2121,2,13,120,-1,-2,80,80,80,2,1,2,81
2121,2,15,75,-1,-2,50,50,50,2,1,2,51
2121,2,16,100,-3,-1,25,75,75,2,1,2,26
2121,2,17,60,-2,-1,20,40,40,2,1,2,21
2121,2,18,100,-1,-1,50,50,50,2,1,2,51
2121,2,19,120,-2,-1,40,80,80,2,1,2,41
2121,2,20,60,-1,-1,30,30,30,2,1,2,31
2122,2,1,60,-1,-2,41,41,38,2,1,2,42
2122,2,2,90,-3,-1,25,75,65,2,1,2,26
2122,2,3,100,-1,-3,74,74,78,2,1,2,75
2122,2,4,200,-1,-1,104,104,96,2,1,2,105
2122,2,5,80,-1,-3,62,62,54,2,1,2,63
2122,2,6,75,-2,-1,27,54,48,2,1,2,28
2122,2,7,100,-1,-1,52,52,48,2,1,2,53
2122,2,8,90,-1,-3,68,68,66,2,1,2,69
2122,2,9,75,-1,-2,51,51,48,2,1,2,52
2122,2,10,60,-2,-1,20,40,40,2,1,2,21
2122,2,11,40,-1,-3,29,29,33,2,1,2,30
2122,2,12,120,-2,-1,43,86,77,2,1,2,44
2122,2,13,40,-3,-1,11,33,29,2,1,2,12
2122,2,14,60,-1,-1,31,31,29,2,1,2,32
2122,2,15,150,-2,-1,53,106,97,2,1,2,54
2122,2,16,120,-1,-1,60,60,60,2,1,2,61
2122,2,17,100,-3,-1,25,75,75,2,1,2,26
2122,2,18,150,-1,-2,99,99,102,2,1,2,100
2122,2,19,80,-3,-1,22,66,58,2,1,2,23
2122,2,20,120,-1,-2,80,80,80,2,1,2,81
2123,2,1,120,-2,-1,27,54,93,2,1,2,28
2123,2,2,100,-1,-3,63,63,111,2,1,2,64
2123,2,3,200,-1,-1,100,100,100,2,1,2,101
2123,2,4,90,-3,-1,20,60,70,2,1,2,21
2123,2,5,150,-1,-2,97,97,106,2,1,2,98
2123,2,6,75,-2,-1,22,44,53,2,1,2,23
2123,2,7,90,-1,-3,61,61,87,2,1,2,62
2123,2,8,120,-1,-2,76,76,88,2,1,2,77
2123,2,9,100,-3,-1,16,48,84,2,1,2,17
2123,2,10,75,-1,-2,38,38,74,2,1,2,39
2123,2,11,60,-2,-1,18,36,42,2,1,2,19
2123,2,12,80,-3,-1,19,57,61,2,1,2,20
2123,2,13,150,-2,-1,47,94,103,2,1,2,48
2123,2,14,60,-1,-2,38,38,44,2,1,2,39
2123,2,15,100,-1,-1,50,50,50,2,1,2,51
2123,2,16,40,-1,-3,25,25,45,2,1,2,26
2123,2,17,120,-1,-1,48,48,72,2,1,2,49
2123,2,18,80,-1,-3,53,53,81,2,1,2,54
2123,2,19,40,-3,-1,14,42,26,2,1,2,15
2123,2,20,60,-1,-1,29,29,31,2,1,2,30
2124,2,1,90,-3,-1,23,69,67,2,1,2,24
2124,2,2,200,-1,-1,100,100,100,2,1,2,101
2124,2,3,40,-3,-1,10,30,30,2,1,2,11
2124,2,4,120,-1,-1,60,60,60,2,1,2,61
2124,2,5,150,-2,-1,50,100,100,2,1,2,51
2124,2,6,80,-1,-3,57,57,69,2,1,2,58
2124,2,7,150,-1,-2,99,99,102,2,1,2,100
2124,2,8,40,-1,-3,29,29,33,2,1,2,30
2124,2,9,75,-2,-1,25,50,50,2,1,2,26
2124,2,10,80,-3,-1,20,60,60,2,1,2,21
2124,2,11,60,-1,-2,40,40,40,2,1,2,41
2124,2,12,90,-1,-3,68,68,66,2,1,2,69
2124,2,13,120,-1,-2,79,79,82,2,1,2,80
2124,2,14,100,-1,-3,75,75,75,2,1,2,76
2124,2,15,75,-1,-2,50,50,50,2,1,2,51
2124,2,16,100,-3,-1,25,75,75,2,1,2,26
2124,2,17,60,-2,-1,20,40,40,2,1,2,21
2124,2,18,100,-1,-1,49,49,51,2,1,2,50
2124,2,19,120,-2,-1,40,80,80,2,1,2,41
2124,2,20,60,-1,-1,30,30,30,2,1,2,31
1111,1,1,60,1,2,46,46,28,1,1,1,47
1111,1,2,75,2,1,45,90,30,1,1,1,46
1111,1,3,120,1,1,60,60,60,1,1,1,61
1111,1,4,100,1,3,76,76,72,1,1,1,77
1111,1,5,60,1,1,30,30,30,1,1,1,31
1111,1,6,120,1,2,80,80,80,1,1,1,81
1111,1,7,80,1,3,60,60,60,1,1,1,61
1111,1,8,90,3,1,24,72,66,1,1,1,25
1111,1,9,40,1,3,30,30,30,1,1,1,31
1111,1,10,100,1,1,50,50,50,1,1,1,51
1111,1,11,60,2,1,30,60,30,1,1,1,31
1111,1,12,150,1,2,90,90,120,1,1,1,91
1111,1,13,40,3,1,20,60,20,1,1,1,21
1111,1,14,120,2,1,40,80,80,1,1,1,41
1111,1,15,100,3,1,30,90,70,1,1,1,31
1111,1,16,75,1,2,50,50,50,1,1,1,51
1111,1,17,200,1,1,100,100,100,1,1,1,101
1111,1,18,90,1,3,70,70,60,1,1,1,71
1111,1,19,150,2,1,75,150,75,1,1,1,76
1111,1,20,80,3,1,20,60,60,1,1,1,21
1112,1,1,80,1,3,68,68,36,1,1,1,69
1112,1,2,60,1,2,44,44,32,1,1,1,45
1112,1,3,200,1,1,166,166,34,1,1,1,167
1112,1,4,60,2,1,34,68,26,1,1,1,35
1112,1,5,120,1,1,80,80,40,1,1,1,81
1112,1,6,90,1,3,66,66,72,1,1,1,67
1112,1,7,60,1,1,52,52,8,1,1,1,53
1112,1,8,150,1,2,120,120,60,1,1,1,121
1112,1,9,80,3,1,54,162,26,1,1,1,55
1112,1,10,75,1,2,65,65,20,1,1,1,66
1112,1,11,100,3,1,70,210,30,1,1,1,71
1112,1,12,120,2,1,80,160,40,1,1,1,81
1112,1,13,100,1,3,80,80,60,1,1,1,81
1112,1,14,150,2,1,104,208,46,1,1,1,105
1112,1,15,40,1,3,30,30,30,1,1,1,31
1112,1,16,75,2,1,60,120,15,1,1,1,61
1112,1,17,40,3,1,27,81,13,1,1,1,28
1112,1,18,120,1,2,100,100,40,1,1,1,101
1112,1,19,90,3,1,70,210,20,1,1,1,71
1112,1,20,100,1,1,68,68,32,1,1,1,69
1113,1,3,120,1,2,80,80,80,1,1,1,81
1113,1,4,40,3,1,10,30,30,1,1,1,11
1113,1,5,100,1,3,75,75,75,1,1,1,76
1113,1,6,90,3,1,23,69,67,1,1,1,24
1113,1,7,150,2,1,50,100,100,1,1,1,51
1113,1,8,75,1,2,50,50,50,1,1,1,51
1113,1,9,120,2,1,40,80,80,1,1,1,41
1113,1,10,80,3,1,20,60,60,1,1,1,21
1113,1,11,150,1,2,100,100,100,1,1,1,101
1113,1,12,120,1,1,60,60,60,1,1,1,61
1113,1,13,40,1,3,30,30,30,1,1,1,31
1113,1,14,200,1,1,100,100,100,1,1,1,101
1113,1,15,100,3,1,26,78,74,1,1,1,27
1113,1,16,60,1,1,30,30,30,1,1,1,31
1113,1,17,75,2,1,25,50,50,1,1,1,26
1113,1,18,100,1,1,50,50,50,1,1,1,51
1113,1,19,80,1,3,60,60,60,1,1,1,61
1113,1,20,60,1,2,40,40,40,1,1,1,41
1114,1,3,120,2,1,120,240,0,1,1,1,121
1114,1,4,90,3,1,90,270,0,1,1,1,91
1114,1,5,150,2,1,150,300,0,1,1,1,151
1114,1,6,40,3,1,40,120,0,1,1,1,41
1114,1,9,100,3,1,100,300,0,1,1,1,101
1114,1,10,200,1,1,100,100,100,1,1,1,101
1114,1,12,80,3,1,79,237,1,1,1,1,80
1114,1,13,75,2,1,70,140,5,1,1,1,71
1114,1,14,120,1,1,104,104,16,1,1,1,105
1114,1,15,60,2,1,57,114,3,1,1,1,58
1114,1,16,120,1,2,26,26,188,1,1,1,27
1114,1,17,80,1,3,2,2,234,1,1,1,3
1114,1,18,100,1,1,94,94,6,1,1,1,95
1114,1,19,75,1,2,6,6,138,1,1,1,7
1114,1,20,60,1,1,57,57,3,1,1,1,58
1115,1,1,150,2,1,75,150,75,1,1,1,76
1115,1,2,40,3,1,20,60,20,1,1,1,21
1115,1,3,60,1,1,28,28,32,1,1,1,29
1115,1,5,90,1,3,37,37,159,1,1,1,38
1115,1,6,75,2,1,38,76,37,1,1,1,39
1115,1,7,100,1,3,45,45,165,1,1,1,46
1115,1,8,120,1,2,54,54,132,1,1,1,55
1115,1,9,40,1,3,16,16,72,1,1,1,17
1115,1,10,60,2,1,30,60,30,1,1,1,31
1115,1,11,120,1,1,60,60,60,1,1,1,61
1115,1,12,100,3,1,50,150,50,1,1,1,51
1115,1,13,80,1,3,34,34,138,1,1,1,35
1115,1,14,100,1,1,50,50,50,1,1,1,51
1115,1,15,60,1,2,25,25,70,1,1,1,26
1115,1,16,120,2,1,60,120,60,1,1,1,61
1115,1,17,200,1,1,89,89,111,1,1,1,90
1115,1,18,90,3,1,45,135,45,1,1,1,46
1115,1,19,75,1,2,34,34,82,1,1,1,35
1115,1,20,80,3,1,40,120,40,1,1,1,41
1116,1,1,120,1,2,30,30,180,1,1,1,31
1116,1,2,60,2,1,15,30,45,1,1,1,16
1116,1,3,100,3,1,20,60,80,1,1,1,21
1116,1,4,90,1,3,23,23,201,1,1,1,24
1116,1,5,100,1,1,23,23,77,1,1,1,24
1116,1,6,40,1,3,20,20,60,1,1,1,21
1116,1,7,80,3,1,20,60,60,1,1,1,21
1116,1,8,120,1,1,28,28,92,1,1,1,29
1116,1,9,150,1,2,30,30,240,1,1,1,31
1116,1,10,200,1,1,30,30,170,1,1,1,31
1116,1,11,80,1,3,21,21,177,1,1,1,22
1116,1,12,90,3,1,17,51,73,1,1,1,18
1116,1,13,120,2,1,20,40,100,1,1,1,21
1116,1,14,75,1,2,21,21,108,1,1,1,22
1116,1,15,150,2,1,20,40,130,1,1,1,21
1116,1,16,60,1,2,21,21,78,1,1,1,22
1116,1,17,75,2,1,16,32,59,1,1,1,17
1116,1,18,40,3,1,10,30,30,1,1,1,11
1116,1,19,60,1,1,20,20,40,1,1,1,21
1116,1,20,100,1,3,23,23,231,1,1,1,24
1118,1,1,150,2,1,50,100,100,1,1,1,51
1118,1,2,40,3,1,10,30,30,1,1,1,11
1118,1,3,60,1,1,26,26,34,1,1,1,27
1118,1,4,150,1,2,102,102,96,1,1,1,103
1118,1,5,90,1,3,68,68,66,1,1,1,69
1118,1,6,75,2,1,23,46,52,1,1,1,24
1118,1,8,120,1,2,79,79,82,1,1,1,80
1118,1,9,40,1,3,30,30,30,1,1,1,31
1118,1,10,60,2,1,20,40,40,1,1,1,21
1118,1,11,120,1,1,60,60,60,1,1,1,61
1118,1,12,100,3,1,50,150,50,1,1,1,51
1118,1,14,100,1,1,50,50,50,1,1,1,51
1118,1,15,60,1,2,40,40,40,1,1,1,41
1118,1,16,120,2,1,40,80,80,1,1,1,41
1118,1,17,200,1,1,100,100,100,1,1,1,101
1118,1,18,90,3,1,22,66,68,1,1,1,23
1118,1,19,75,1,2,50,50,50,1,1,1,51
1118,1,20,80,3,1,20,60,60,1,1,1,21
1119,1,1,60,1,2,42,42,36,1,1,1,43
1119,1,2,75,2,1,25,50,50,1,1,1,26
1119,1,3,120,1,1,62,62,58,1,1,1,63
1119,1,4,100,1,3,76,76,72,1,1,1,77
1119,1,5,60,1,1,31,31,29,1,1,1,32
1119,1,6,120,1,2,80,80,80,1,1,1,81
1119,1,7,80,1,3,60,60,60,1,1,1,61
1119,1,8,90,3,1,23,69,67,1,1,1,24
1119,1,9,40,1,3,30,30,30,1,1,1,31
1119,1,10,100,1,1,51,51,49,1,1,1,52
1119,1,11,60,2,1,20,40,40,1,1,1,21
1119,1,12,150,1,2,100,100,100,1,1,1,101
1119,1,13,40,3,1,10,30,30,1,1,1,11
1119,1,14,120,2,1,40,80,80,1,1,1,41
1119,1,15,100,3,1,25,75,75,1,1,1,26
1119,1,16,75,1,2,51,51,48,1,1,1,52
1119,1,17,200,1,1,100,100,100,1,1,1,101
1119,1,18,90,1,3,68,68,66,1,1,1,69
1119,1,19,150,2,1,51,102,99,1,1,1,52
1119,1,20,80,3,1,21,63,59,1,1,1,22
1120,1,1,80,1,3,80,80,0,1,1,1,81
1120,1,2,60,1,2,60,60,0,1,1,1,61
1120,1,3,200,1,1,200,200,0,1,1,1,201
1120,1,4,60,2,1,60,120,0,1,1,1,61
1120,1,5,120,1,1,119,119,1,1,1,1,120
1120,1,6,90,1,3,90,90,0,1,1,1,91
1120,1,7,60,1,1,60,60,0,1,1,1,61
1120,1,8,150,1,2,150,150,0,1,1,1,151
1120,1,9,80,3,1,80,240,0,1,1,1,81
1120,1,10,75,1,2,75,75,0,1,1,1,76
1120,1,11,100,3,1,100,300,0,1,1,1,101
1120,1,12,120,2,1,120,240,0,1,1,1,121
1120,1,13,100,1,3,100,100,0,1,1,1,101
1120,1,14,150,2,1,150,300,0,1,1,1,151
1120,1,15,40,1,3,40,40,0,1,1,1,41
1120,1,16,75,2,1,75,150,0,1,1,1,76
1120,1,17,40,3,1,40,120,0,1,1,1,41
1120,1,18,120,1,2,120,120,0,1,1,1,121
1120,1,19,90,3,1,90,270,0,1,1,1,91
1120,1,20,100,1,1,100,100,0,1,1,1,101
1121,1,1,80,3,1,62,186,18,1,1,1,63
1121,1,2,100,1,1,79,79,21,1,1,1,80
1121,1,3,75,1,2,59,59,32,1,1,1,60
1121,1,4,60,1,1,45,45,15,1,1,1,46
1121,1,5,150,1,2,121,121,58,1,1,1,122
1121,1,6,75,2,1,56,112,19,1,1,1,57
1121,1,7,200,1,1,162,162,38,1,1,1,163
1121,1,8,100,3,1,75,225,25,1,1,1,76
1121,1,9,80,1,3,66,66,42,1,1,1,67
1121,1,10,40,3,1,29,87,11,1,1,1,30
1121,1,11,150,2,1,116,232,34,1,1,1,117
1121,1,12,100,1,3,86,86,42,1,1,1,87
1121,1,13,60,2,1,45,90,15,1,1,1,46
1121,1,14,120,1,2,93,93,54,1,1,1,94
1121,1,15,90,3,1,70,210,20,1,1,1,71
1121,1,16,120,2,1,91,182,29,1,1,1,92
1121,1,17,60,1,2,45,45,30,1,1,1,46
1121,1,18,90,1,3,76,76,42,1,1,1,77
1121,1,19,120,1,1,90,90,30,1,1,1,91
1121,1,20,40,1,3,34,34,18,1,1,1,35
1122,1,1,150,2,1,50,100,100,1,1,1,51
1122,1,2,40,3,1,10,30,30,1,1,1,11
1122,1,3,60,1,1,30,30,30,1,1,1,31
1122,1,4,150,1,2,100,100,100,1,1,1,101
1122,1,5,90,1,3,67,67,69,1,1,1,68
1122,1,6,75,2,1,25,50,50,1,1,1,26
1122,1,7,100,1,3,75,75,75,1,1,1,76
1122,1,8,120,1,2,80,80,80,1,1,1,81
1122,1,9,40,1,3,30,30,30,1,1,1,31
1122,1,10,60,2,1,20,40,40,1,1,1,21
1122,1,11,120,1,1,60,60,60,1,1,1,61
1122,1,12,100,3,1,25,75,75,1,1,1,26
1122,1,13,80,1,3,60,60,60,1,1,1,61
1122,1,14,100,1,1,50,50,50,1,1,1,51
1122,1,15,60,1,2,40,40,40,1,1,1,41
1122,1,16,120,2,1,40,80,80,1,1,1,41
1122,1,17,200,1,1,100,100,100,1,1,1,101
1122,1,18,90,3,1,22,66,68,1,1,1,23
1122,1,19,75,1,2,50,50,50,1,1,1,51
1122,1,20,80,3,1,20,60,60,1,1,1,21
1123,1,1,120,1,1,120,120,0,1,1,1,121
1123,1,2,60,2,1,30,60,30,1,1,1,31
1123,1,3,100,3,1,50,150,50,1,1,1,51
1123,1,4,120,2,1,60,120,60,1,1,1,61
1123,1,5,100,1,3,50,50,150,1,1,1,51
1123,1,6,150,2,1,75,150,75,1,1,1,76
1123,1,8,60,1,1,60,60,0,1,1,1,61
1123,1,9,80,1,3,80,80,0,1,1,1,81
1123,1,10,120,1,2,120,120,0,1,1,1,121
1123,1,11,75,2,1,75,150,0,1,1,1,76
1123,1,12,40,3,1,40,120,0,1,1,1,41
1123,1,13,90,1,3,89,89,3,1,1,1,90
1123,1,14,60,1,2,56,56,8,1,1,1,57
1123,1,15,40,1,3,34,34,18,1,1,1,35
1123,1,16,200,1,1,200,200,0,1,1,1,201
1123,1,17,80,3,1,79,237,1,1,1,1,80
1123,1,18,100,1,1,99,99,1,1,1,1,100
1123,1,19,90,3,1,88,264,2,1,1,1,89
1123,1,20,150,1,2,150,150,0,1,1,1,151
1124,1,1,60,1,1,47,47,13,1,1,1,48
1124,1,2,80,1,3,73,73,21,1,1,1,74
1124,1,3,90,3,1,58,174,32,1,1,1,59
1124,1,5,120,1,1,118,118,2,1,1,1,119
1124,1,6,80,3,1,79,237,1,1,1,1,80
1124,1,7,75,2,1,70,140,5,1,1,1,71
1124,1,8,90,1,3,35,35,165,1,1,1,36
1124,1,9,120,1,2,53,53,134,1,1,1,54
1124,1,10,100,1,1,99,99,1,1,1,1,100
1124,1,11,120,2,1,94,188,26,1,1,1,95
1124,1,12,100,3,1,99,297,1,1,1,1,100
1124,1,13,60,1,2,42,42,36,1,1,1,43
1124,1,14,150,2,1,124,248,26,1,1,1,125
1124,1,15,40,3,1,40,120,0,1,1,1,41
1124,1,16,150,1,2,49,49,202,1,1,1,50
1124,1,17,40,1,3,29,29,33,1,1,1,30
1124,1,18,60,2,1,31,62,29,1,1,1,32
1124,1,19,75,1,2,56,56,38,1,1,1,57
1124,1,20,200,1,1,193,193,7,1,1,1,194
1125,1,2,60,1,2,41,41,38,1,1,1,42
1125,1,3,40,1,3,28,28,36,1,1,1,29
1125,1,4,150,1,2,110,110,80,1,1,1,111
1125,1,5,75,2,1,50,100,25,1,1,1,51
1125,1,6,100,1,3,64,64,108,1,1,1,65
1125,1,7,120,2,1,84,168,36,1,1,1,85
1125,1,8,200,1,1,100,100,100,1,1,1,101
1125,1,9,80,3,1,40,120,40,1,1,1,41
1125,1,10,100,1,1,50,50,50,1,1,1,51
1125,1,12,150,2,1,99,198,51,1,1,1,100
1125,1,13,90,3,1,45,135,45,1,1,1,46
1125,1,14,60,1,1,30,30,30,1,1,1,31
1125,1,15,75,1,2,58,58,34,1,1,1,59
1125,1,16,90,1,3,72,72,54,1,1,1,73
1125,1,17,60,2,1,45,90,15,1,1,1,46
1125,1,18,40,3,1,23,69,17,1,1,1,24
1125,1,19,120,1,2,91,91,58,1,1,1,92
1125,1,20,100,3,1,69,207,31,1,1,1,70
2105,2,1,80,1,3,70,70,30,1,1,1,71
2105,2,4,60,2,1,35,70,25,1,1,1,36
2105,2,5,120,1,1,80,80,40,1,1,1,81
2105,2,6,90,1,3,80,80,30,1,1,1,81
2105,2,7,60,1,1,40,40,20,1,1,1,41
2105,2,8,150,1,2,110,110,80,1,1,1,111
2105,2,9,80,3,1,22,66,58,1,1,1,23
2105,2,10,75,1,2,50,50,50,1,1,1,51
2105,2,11,100,3,1,33,99,67,1,1,1,34
2105,2,12,120,2,1,60,120,60,1,1,1,61
2105,2,14,150,2,1,59,118,91,1,1,1,60
2105,2,15,40,1,3,30,30,30,1,1,1,31
2105,2,16,75,2,1,26,52,49,1,1,1,27
2105,2,17,40,3,1,13,39,27,1,1,1,14
2105,2,18,120,1,2,100,100,40,1,1,1,101
2105,2,19,90,3,1,40,120,50,1,1,1,41
2105,2,20,100,1,1,50,50,50,1,1,1,51
2106,2,1,120,2,1,40,80,80,1,1,1,41
2106,2,2,100,1,3,75,75,75,1,1,1,76
2106,2,3,200,1,1,100,100,100,1,1,1,101
2106,2,5,150,1,2,100,100,100,1,1,1,101
2106,2,6,75,2,1,25,50,50,1,1,1,26
2106,2,8,120,1,2,80,80,80,1,1,1,81
2106,2,9,100,3,1,25,75,75,1,1,1,26
2106,2,10,75,1,2,50,50,50,1,1,1,51
2106,2,11,60,2,1,20,40,40,1,1,1,21
2106,2,12,80,3,1,20,60,60,1,1,1,21
2106,2,13,150,2,1,50,100,100,1,1,1,51
2106,2,14,60,1,2,40,40,40,1,1,1,41
2106,2,15,100,1,1,50,50,50,1,1,1,51
2106,2,16,40,1,3,30,30,30,1,1,1,31
2106,2,17,120,1,1,60,60,60,1,1,1,61
2106,2,18,80,1,3,60,60,60,1,1,1,61
2106,2,19,40,3,1,10,30,30,1,1,1,11
2106,2,20,60,1,1,30,30,30,1,1,1,31
2107,2,1,150,2,1,54,108,96,1,1,1,55
2107,2,2,40,3,1,18,54,22,1,1,1,19
2107,2,3,60,1,1,39,39,21,1,1,1,40
2107,2,4,150,1,2,110,110,80,1,1,1,111
2107,2,5,90,1,3,74,74,48,1,1,1,75
2107,2,6,75,2,1,35,70,40,1,1,1,36
2107,2,7,100,1,3,83,83,51,1,1,1,84
2107,2,8,120,1,2,89,89,62,1,1,1,90
2107,2,9,40,1,3,34,34,18,1,1,1,35
2107,2,10,60,2,1,36,72,24,1,1,1,37
2107,2,11,120,1,1,80,80,40,1,1,1,81
2107,2,12,100,3,1,42,126,58,1,1,1,43
2107,2,13,80,1,3,62,62,54,1,1,1,63
2107,2,14,100,1,1,59,59,41,1,1,1,60
2107,2,15,60,1,2,44,44,32,1,1,1,45
2107,2,16,120,2,1,59,118,61,1,1,1,60
2107,2,17,200,1,1,132,132,68,1,1,1,133
2107,2,18,90,3,1,39,117,51,1,1,1,40
2107,2,19,75,1,2,55,55,40,1,1,1,56
2107,2,20,80,3,1,29,87,51,1,1,1,30
2108,2,2,60,1,2,40,40,40,1,1,1,41
2108,2,3,200,1,1,100,100,100,1,1,1,101
2108,2,4,60,2,1,20,40,40,1,1,1,21
2108,2,5,120,1,1,60,60,60,1,1,1,61
2108,2,7,60,1,1,30,30,30,1,1,1,31
2108,2,8,150,1,2,100,100,100,1,1,1,101
2108,2,9,80,3,1,20,60,60,1,1,1,21
2108,2,10,75,1,2,50,50,50,1,1,1,51
2108,2,12,120,2,1,42,84,78,1,1,1,43
2108,2,13,100,1,3,75,75,75,1,1,1,76
2108,2,14,150,2,1,50,100,100,1,1,1,51
2108,2,16,75,2,1,25,50,50,1,1,1,26
2108,2,17,40,3,1,21,63,19,1,1,1,22
2108,2,18,120,1,2,80,80,80,1,1,1,81
2108,2,19,90,3,1,23,69,67,1,1,1,24
2108,2,20,100,1,1,50,50,50,1,1,1,51
2109,2,1,60,1,1,36,36,24,1,1,1,37
2109,2,2,80,1,3,60,60,60,1,1,1,61
2109,2,3,90,3,1,30,90,60,1,1,1,31
2109,2,4,100,1,3,76,76,72,1,1,1,77
2109,2,5,120,1,1,60,60,60,1,1,1,61
2109,2,6,80,3,1,26,78,54,1,1,1,27
2109,2,7,75,2,1,29,58,46,1,1,1,30
2109,2,8,90,1,3,68,68,66,1,1,1,69
2109,2,9,120,1,2,80,80,80,1,1,1,81
2109,2,10,100,1,1,50,50,50,1,1,1,51
2109,2,11,120,2,1,44,88,76,1,1,1,45
2109,2,12,100,3,1,35,105,65,1,1,1,36
2109,2,13,60,1,2,40,40,40,1,1,1,41
2109,2,14,150,2,1,50,100,100,1,1,1,51
2109,2,15,40,3,1,11,33,29,1,1,1,12
2109,2,16,150,1,2,100,100,100,1,1,1,101
2109,2,17,40,1,3,29,29,33,1,1,1,30
2109,2,18,60,2,1,20,40,40,1,1,1,21
2109,2,19,75,1,2,50,50,50,1,1,1,51
2109,2,20,200,1,1,100,100,100,1,1,1,101
2113,2,1,80,1,3,64,64,48,1,1,1,65
2113,2,2,60,1,2,40,40,40,1,1,1,41
2113,2,3,200,1,1,100,100,100,1,1,1,101
2113,2,4,60,2,1,24,48,36,1,1,1,25
2113,2,5,120,1,1,60,60,60,1,1,1,61
2113,2,6,90,1,3,69,69,63,1,1,1,70
2113,2,7,60,1,1,31,31,29,1,1,1,32
2113,2,8,150,1,2,102,102,96,1,1,1,103
2113,2,9,80,3,1,21,63,59,1,1,1,22
2113,2,10,75,1,2,51,51,48,1,1,1,52
2113,2,11,100,3,1,31,93,69,1,1,1,32
2113,2,12,120,2,1,43,86,77,1,1,1,44
2113,2,13,100,1,3,75,75,75,1,1,1,76
2113,2,15,40,1,3,30,30,30,1,1,1,31
2113,2,16,75,2,1,29,58,46,1,1,1,30
2113,2,17,40,3,1,16,48,24,1,1,1,17
2113,2,18,120,1,2,85,85,70,1,1,1,86
2113,2,19,90,3,1,25,75,65,1,1,1,26
2113,2,20,100,1,1,50,50,50,1,1,1,51
2114,2,2,200,1,1,100,100,100,1,1,1,101
2114,2,3,40,3,1,15,45,25,1,1,1,16
2114,2,4,120,1,1,65,65,55,1,1,1,66
2114,2,5,150,2,1,80,160,70,1,1,1,81
2114,2,6,80,1,3,60,60,60,1,1,1,61
2114,2,7,150,1,2,102,102,96,1,1,1,103
2114,2,8,40,1,3,30,30,30,1,1,1,31
2114,2,9,75,2,1,34,68,41,1,1,1,35
2114,2,10,80,3,1,26,78,54,1,1,1,27
2114,2,11,60,1,2,40,40,40,1,1,1,41
2114,2,12,90,1,3,68,68,66,1,1,1,69
2114,2,13,120,1,2,83,83,74,1,1,1,84
2114,2,14,100,1,3,76,76,72,1,1,1,77
2114,2,15,75,1,2,58,58,34,1,1,1,59
2114,2,16,100,3,1,27,81,73,1,1,1,28
2114,2,17,60,2,1,35,70,25,1,1,1,36
2114,2,18,100,1,1,50,50,50,1,1,1,51
2114,2,19,120,2,1,52,104,68,1,1,1,53
2114,2,20,60,1,1,30,30,30,1,1,1,31
2115,2,1,150,2,1,53,106,97,1,1,1,54
2115,2,2,40,3,1,11,33,29,1,1,1,12
2115,2,3,60,1,1,31,31,29,1,1,1,32
2115,2,4,150,1,2,101,101,98,1,1,1,102
2115,2,5,90,1,3,69,69,63,1,1,1,70
2115,2,6,75,2,1,26,52,49,1,1,1,27
2115,2,7,100,1,3,78,78,66,1,1,1,79
2115,2,8,120,1,2,80,80,80,1,1,1,81
2115,2,9,40,1,3,31,31,27,1,1,1,32
2115,2,10,60,2,1,23,46,37,1,1,1,24
2115,2,11,120,1,1,60,60,60,1,1,1,61
2115,2,12,100,3,1,27,81,73,1,1,1,28
2115,2,13,80,1,3,62,62,54,1,1,1,63
2115,2,14,100,1,1,50,50,50,1,1,1,51
2115,2,15,60,1,2,42,42,36,1,1,1,43
2115,2,16,120,2,1,41,82,79,1,1,1,42
2115,2,17,200,1,1,100,100,100,1,1,1,101
2115,2,18,90,3,1,23,69,67,1,1,1,24
2115,2,19,75,1,2,50,50,50,1,1,1,51
2115,2,20,80,3,1,20,60,60,1,1,1,21
2116,2,1,120,2,1,60,120,60,1,1,1,61
2116,2,3,200,1,1,100,100,100,1,1,1,101
2116,2,5,150,1,2,100,100,100,1,1,1,101
2116,2,6,75,2,1,25,50,50,1,1,1,26
2116,2,8,120,1,2,80,80,80,1,1,1,81
2116,2,9,100,3,1,25,75,75,1,1,1,26
2116,2,11,60,2,1,20,40,40,1,1,1,21
2116,2,12,80,3,1,20,60,60,1,1,1,21
2116,2,13,150,2,1,50,100,100,1,1,1,51
2116,2,16,40,1,3,30,30,30,1,1,1,31
2116,2,17,120,1,1,60,60,60,1,1,1,61
2116,2,18,80,1,3,60,60,60,1,1,1,61
2116,2,19,40,3,1,10,30,30,1,1,1,11
2117,2,1,80,1,3,70,70,30,1,1,1,71
2117,2,2,60,1,2,50,50,20,1,1,1,51
2117,2,3,200,1,1,160,160,40,1,1,1,161
2117,2,4,60,2,1,40,80,20,1,1,1,41
2117,2,5,120,1,1,90,90,30,1,1,1,91
2117,2,6,90,1,3,78,78,36,1,1,1,79
2117,2,7,60,1,1,44,44,16,1,1,1,45
2117,2,8,150,1,2,125,125,50,1,1,1,126
2117,2,9,80,3,1,40,120,40,1,1,1,41
2117,2,10,75,1,2,55,55,40,1,1,1,56
2117,2,11,100,3,1,50,150,50,1,1,1,51
2117,2,12,120,2,1,60,120,60,1,1,1,61
2117,2,13,100,1,3,90,90,30,1,1,1,91
2117,2,14,150,2,1,100,200,50,1,1,1,101
2117,2,15,40,1,3,36,36,12,1,1,1,37
2117,2,16,75,2,1,55,110,20,1,1,1,56
2117,2,17,40,3,1,22,66,18,1,1,1,23
2117,2,18,120,1,2,90,90,60,1,1,1,91
2117,2,19,90,3,1,65,195,25,1,1,1,66
2117,2,20,100,1,1,70,70,30,1,1,1,71
2118,2,1,80,1,3,60,60,60,1,1,1,61
2118,2,2,75,1,2,50,50,50,1,1,1,51
2118,2,3,60,2,1,20,40,40,1,1,1,21
2118,2,4,40,1,3,30,30,30,1,1,1,31
2118,2,5,100,1,1,50,50,50,1,1,1,51
2118,2,6,60,1,2,40,40,40,1,1,1,41
2118,2,7,120,2,1,40,80,80,1,1,1,41
2118,2,8,100,1,3,75,75,75,1,1,1,76
2118,2,9,200,1,1,100,100,100,1,1,1,101
2118,2,10,150,1,2,100,100,100,1,1,1,101
2118,2,12,75,2,1,25,50,50,1,1,1,26
2118,2,13,60,1,1,30,30,30,1,1,1,31
2118,2,14,80,3,1,20,60,60,1,1,1,21
2118,2,15,150,2,1,50,100,100,1,1,1,51
2118,2,16,100,3,1,25,75,75,1,1,1,26
2118,2,17,120,1,1,60,60,60,1,1,1,61
2118,2,18,40,3,1,10,30,30,1,1,1,11
2118,2,19,90,1,3,68,68,66,1,1,1,69
2118,2,20,120,1,2,80,80,80,1,1,1,81
2119,2,1,80,1,3,62,62,54,1,1,1,63
2119,2,2,75,1,2,50,50,50,1,1,1,51
2119,2,3,60,2,1,21,42,39,1,1,1,22
2119,2,4,40,1,3,29,29,33,1,1,1,30
2119,2,5,100,1,1,52,52,48,1,1,1,53
2119,2,6,60,1,2,42,42,36,1,1,1,43
2119,2,7,120,2,1,42,84,78,1,1,1,43
2119,2,8,100,1,3,77,77,69,1,1,1,78
2119,2,9,200,1,1,102,102,98,1,1,1,103
2119,2,10,150,1,2,101,101,98,1,1,1,102
2119,2,11,90,3,1,25,75,65,1,1,1,26
2119,2,12,75,2,1,27,54,48,1,1,1,28
2119,2,13,60,1,1,34,34,26,1,1,1,35
2119,2,14,80,3,1,21,63,59,1,1,1,22
2119,2,15,150,2,1,51,102,99,1,1,1,52
2119,2,16,100,3,1,25,75,75,1,1,1,26
2119,2,17,120,1,1,61,61,59,1,1,1,62
2119,2,18,40,3,1,11,33,29,1,1,1,12
2119,2,19,90,1,3,68,68,66,1,1,1,69
2119,2,20,120,1,2,83,83,74,1,1,1,84
2120,2,1,60,2,1,17,34,43,1,1,1,18
2120,2,4,40,3,1,10,30,30,1,1,1,11
2120,2,5,100,1,3,75,75,75,1,1,1,76
2120,2,6,90,3,1,22,66,68,1,1,1,23
2120,2,7,150,2,1,52,104,98,1,1,1,53
2120,2,8,75,1,2,50,50,50,1,1,1,51
2120,2,9,120,2,1,40,80,80,1,1,1,41
2120,2,10,80,3,1,20,60,60,1,1,1,21
2120,2,11,150,1,2,100,100,100,1,1,1,101
2120,2,12,120,1,1,61,61,59,1,1,1,62
2120,2,13,40,1,3,30,30,30,1,1,1,31
2120,2,14,200,1,1,100,100,100,1,1,1,101
2120,2,15,100,3,1,25,75,75,1,1,1,26
2120,2,16,60,1,1,30,30,30,1,1,1,31
2120,2,17,75,2,1,25,50,50,1,1,1,26
2120,2,18,100,1,1,50,50,50,1,1,1,51
2120,2,19,80,1,3,60,60,60,1,1,1,61
2120,2,20,60,1,2,40,40,40,1,1,1,41
2121,2,3,200,1,1,100,100,100,1,1,1,101
2121,2,4,60,2,1,21,42,39,1,1,1,22
2121,2,5,120,1,1,60,60,60,1,1,1,61
2121,2,7,60,1,1,30,30,30,1,1,1,31
2121,2,8,150,1,2,100,100,100,1,1,1,101
2121,2,9,80,3,1,16,48,64,1,1,1,17
2121,2,10,75,1,2,57,57,36,1,1,1,58
2121,2,11,100,3,1,25,75,75,1,1,1,26
2121,2,12,120,2,1,40,80,80,1,1,1,41
2121,2,13,100,1,3,80,80,60,1,1,1,81
2121,2,14,150,2,1,50,100,100,1,1,1,51
2121,2,15,40,1,3,30,30,30,1,1,1,31
2121,2,16,75,2,1,25,50,50,1,1,1,26
2121,2,17,40,3,1,10,30,30,1,1,1,11
2121,2,18,120,1,2,80,80,80,1,1,1,81
2121,2,20,100,1,1,53,53,47,1,1,1,54
2122,2,1,75,2,1,26,52,49,1,1,1,27
2122,2,2,120,1,2,79,79,82,1,1,1,80
2122,2,3,100,3,1,24,72,76,1,1,1,25
2122,2,4,60,1,2,39,39,42,1,1,1,40
2122,2,5,90,1,3,65,65,75,1,1,1,66
2122,2,6,150,2,1,53,106,97,1,1,1,54
2122,2,7,40,1,3,29,29,33,1,1,1,30
2122,2,8,80,3,1,24,72,56,1,1,1,25
2122,2,9,100,1,1,50,50,50,1,1,1,51
2122,2,10,80,1,3,54,54,78,1,1,1,55
2122,2,11,150,1,2,94,94,112,1,1,1,95
2122,2,12,120,2,1,43,86,77,1,1,1,44
2122,2,13,200,1,1,100,100,100,1,1,1,101
2122,2,14,40,3,1,13,39,27,1,1,1,14
2122,2,15,60,1,1,30,30,30,1,1,1,31
2122,2,16,75,1,2,48,48,54,1,1,1,49
2122,2,17,120,1,1,60,60,60,1,1,1,61
2122,2,18,60,2,1,21,42,39,1,1,1,22
2122,2,19,100,1,3,74,74,78,1,1,1,75
2122,2,20,90,3,1,25,75,65,1,1,1,26
2123,2,1,60,1,2,44,44,32,1,1,1,45
2123,2,2,75,2,1,27,54,48,1,1,1,28
2123,2,3,120,1,1,77,77,43,1,1,1,78
2123,2,4,100,1,3,76,76,72,1,1,1,77
2123,2,5,60,1,1,30,30,30,1,1,1,31
2123,2,6,120,1,2,89,89,62,1,1,1,90
2123,2,8,90,3,1,23,69,67,1,1,1,24
2123,2,9,40,1,3,20,20,60,1,1,1,21
2123,2,10,100,1,1,50,50,50,1,1,1,51
2123,2,11,60,2,1,20,40,40,1,1,1,21
2123,2,12,150,1,2,106,106,88,1,1,1,107
2123,2,13,40,3,1,12,36,28,1,1,1,13
2123,2,14,120,2,1,61,122,59,1,1,1,62
2123,2,15,100,3,1,32,96,68,1,1,1,33
2123,2,16,75,1,2,49,49,52,1,1,1,50
2123,2,17,200,1,1,100,100,100,1,1,1,101
2123,2,18,90,1,3,67,67,69,1,1,1,68
2123,2,19,150,2,1,53,106,97,1,1,1,54
2123,2,20,80,3,1,25,75,55,1,1,1,26
2124,2,1,80,1,3,51,51,87,1,1,1,52
2124,2,2,60,1,2,40,40,40,1,1,1,41
2124,2,3,200,1,1,100,100,100,1,1,1,101
2124,2,4,60,2,1,20,40,40,1,1,1,21
2124,2,5,120,1,1,60,60,60,1,1,1,61
2124,2,6,90,1,3,67,67,69,1,1,1,68
2124,2,7,60,1,1,30,30,30,1,1,1,31
2124,2,8,150,1,2,100,100,100,1,1,1,101
2124,2,9,80,3,1,40,120,40,1,1,1,41
2124,2,10,75,1,2,50,50,50,1,1,1,51
2124,2,12,120,2,1,40,80,80,1,1,1,41
2124,2,14,150,2,1,55,110,95,1,1,1,56
2124,2,15,40,1,3,30,30,30,1,1,1,31
2124,2,16,75,2,1,25,50,50,1,1,1,26
2124,2,17,40,3,1,10,30,30,1,1,1,11
2124,2,18,120,1,2,80,80,80,1,1,1,81
2124,2,19,90,3,1,22,66,68,1,1,1,23
2124,2,20,100,1,1,50,50,50,1,1,1,51
1111,1,5,120,-1,-1,60,60,60,4,2,2,61
1111,1,6,90,-1,-3,83,83,21,4,2,2,84
1111,1,7,60,-1,-1,30,30,30,4,2,2,31
1111,1,9,80,-3,-1,20,60,60,4,2,2,21
1111,1,11,100,-3,-1,25,75,75,4,2,2,26
1111,1,12,120,-2,-1,40,80,80,4,2,2,41
1111,1,13,100,-1,-3,74,74,78,4,2,2,75
1111,1,14,150,-2,-1,50,100,100,4,2,2,51
1111,1,16,75,-2,-1,27,54,48,4,2,2,28
1111,1,17,40,-3,-1,10,30,30,4,2,2,11
1111,1,18,120,-1,-2,80,80,80,4,2,2,81
1111,1,19,90,-3,-1,21,63,69,4,2,2,22
1111,1,20,100,-1,-1,50,50,50,4,2,2,51
1112,1,1,60,-1,-2,16,16,88,4,2,2,17
1112,1,2,75,-2,-1,8,16,67,4,2,2,9
1112,1,3,120,-1,-1,20,20,100,4,2,2,21
1112,1,4,100,-1,-3,25,25,225,4,2,2,26
1112,1,5,60,-1,-1,8,8,52,4,2,2,9
1112,1,6,120,-1,-2,28,28,184,4,2,2,29
1112,1,7,80,-1,-3,18,18,186,4,2,2,19
1112,1,8,90,-3,-1,8,24,82,4,2,2,9
1112,1,9,40,-1,-3,9,9,93,4,2,2,10
1112,1,10,100,-1,-1,16,16,84,4,2,2,17
1112,1,11,60,-2,-1,4,8,56,4,2,2,5
1112,1,12,150,-1,-2,16,16,268,4,2,2,17
1112,1,13,40,-3,-1,4,12,36,4,2,2,5
1112,1,14,120,-2,-1,4,8,116,4,2,2,5
1112,1,15,100,-3,-1,9,27,91,4,2,2,10
1112,1,16,75,-1,-2,10,10,130,4,2,2,11
1112,1,17,200,-1,-1,14,14,186,4,2,2,15
1112,1,18,90,-1,-3,14,14,228,4,2,2,15
1112,1,19,150,-2,-1,10,20,140,4,2,2,11
1112,1,20,80,-3,-1,6,18,74,4,2,2,7
1113,1,3,120,-1,-1,39,39,81,4,2,2,40
1113,1,5,60,-1,-1,30,30,30,4,2,2,31
1113,1,6,120,-1,-2,60,60,120,4,2,2,61
1113,1,7,80,-1,-3,53,53,81,4,2,2,54
1113,1,8,90,-3,-1,21,63,69,4,2,2,22
1113,1,9,40,-1,-3,26,26,42,4,2,2,27
1113,1,10,100,-1,-1,50,50,50,4,2,2,51
1113,1,11,60,-2,-1,15,30,45,4,2,2,16
1113,1,12,150,-1,-2,86,86,128,4,2,2,87
1113,1,13,40,-3,-1,6,18,34,4,2,2,7
1113,1,15,100,-3,-1,20,60,80,4,2,2,21
1113,1,16,75,-1,-2,45,45,60,4,2,2,46
1113,1,17,200,-1,-1,100,100,100,4,2,2,101
1113,1,18,90,-1,-3,60,60,90,4,2,2,61
1113,1,19,150,-2,-1,40,80,110,4,2,2,41
1114,1,2,100,-1,-1,4,4,96,4,2,2,5
1114,1,3,150,-1,-2,147,147,6,4,2,2,148
1114,1,4,100,-1,-3,97,97,9,4,2,2,98
1114,1,5,120,-1,-2,118,118,4,4,2,2,119
1114,1,6,40,-1,-3,39,39,3,4,2,2,40
1114,1,7,100,-3,-1,3,9,97,4,2,2,4
1114,1,8,120,-2,-1,2,4,118,4,2,2,3
1114,1,9,75,-1,-2,73,73,4,4,2,2,74
1114,1,10,90,-1,-3,87,87,9,4,2,2,88
1114,1,11,200,-1,-1,7,7,193,4,2,2,8
1114,1,12,40,-3,-1,3,9,37,4,2,2,4
1114,1,13,120,-1,-1,5,5,115,4,2,2,6
1114,1,14,75,-2,-1,2,4,73,4,2,2,3
1114,1,15,60,-1,-1,2,2,58,4,2,2,3
1114,1,16,90,-3,-1,3,9,87,4,2,2,4
1114,1,17,60,-1,-2,58,58,4,4,2,2,59
1114,1,18,150,-2,-1,3,6,147,4,2,2,4
1114,1,19,80,-1,-3,77,77,9,4,2,2,78
1114,1,20,60,-2,-1,1,2,59,4,2,2,2
1115,1,1,120,-2,-1,41,82,79,4,2,2,42
1115,1,2,100,-1,-3,74,74,78,4,2,2,75
1115,1,3,200,-1,-1,100,100,100,4,2,2,101
1115,1,4,90,-3,-1,28,84,62,4,2,2,29
1115,1,5,150,-1,-2,98,98,104,4,2,2,99
1115,1,6,75,-2,-1,29,58,46,4,2,2,30
1115,1,7,90,-1,-3,38,38,156,4,2,2,39
1115,1,8,120,-1,-2,77,77,86,4,2,2,78
1115,1,9,100,-3,-1,40,120,60,4,2,2,41
1115,1,12,80,-3,-1,32,96,48,4,2,2,33
1115,1,13,150,-2,-1,54,108,96,4,2,2,55
1115,1,14,60,-1,-2,37,37,46,4,2,2,38
1115,1,15,100,-1,-1,50,50,50,4,2,2,51
1115,1,16,40,-1,-3,23,23,51,4,2,2,24
1115,1,17,120,-1,-1,60,60,60,4,2,2,61
1115,1,20,60,-1,-1,30,30,30,4,2,2,31
1116,1,1,40,-3,-1,11,33,29,4,2,2,12
1116,1,2,120,-1,-2,81,81,78,4,2,2,82
1116,1,3,80,-1,-3,60,60,60,4,2,2,61
1116,1,4,60,-1,-1,30,30,30,4,2,2,31
1116,1,5,100,-1,-3,75,75,75,4,2,2,76
1116,1,6,80,-3,-1,19,57,61,4,2,2,20
1116,1,7,60,-2,-1,19,38,41,4,2,2,20
1116,1,8,75,-1,-2,51,51,48,4,2,2,52
1116,1,9,200,-1,-1,100,100,100,4,2,2,101
1116,1,10,90,-1,-3,67,67,69,4,2,2,68
1116,1,11,120,-1,-1,64,64,56,4,2,2,65
1116,1,12,150,-2,-1,52,104,98,4,2,2,53
1116,1,13,90,-3,-1,25,75,65,4,2,2,26
1116,1,14,150,-1,-2,99,99,102,4,2,2,100
1116,1,15,40,-1,-3,31,31,27,4,2,2,32
1116,1,16,100,-1,-1,49,49,51,4,2,2,50
1116,1,17,75,-2,-1,25,50,50,4,2,2,26
1116,1,18,60,-1,-2,40,40,40,4,2,2,41
1116,1,19,100,-3,-1,25,75,75,4,2,2,26
1116,1,20,120,-2,-1,41,82,79,4,2,2,42
1118,1,1,80,-3,-1,21,63,59,4,2,2,22
1118,1,2,100,-1,-1,50,50,50,4,2,2,51
1118,1,3,75,-1,-2,50,50,50,4,2,2,51
1118,1,4,60,-1,-1,30,30,30,4,2,2,31
1118,1,5,150,-1,-2,100,100,100,4,2,2,101
1118,1,6,75,-2,-1,25,50,50,4,2,2,26
1118,1,7,200,-1,-1,100,100,100,4,2,2,101
1118,1,8,100,-3,-1,25,75,75,4,2,2,26
1118,1,9,80,-1,-3,60,60,60,4,2,2,61
1118,1,10,40,-3,-1,10,30,30,4,2,2,11
1118,1,11,150,-2,-1,50,100,100,4,2,2,51
1118,1,12,100,-1,-3,75,75,75,4,2,2,76
1118,1,13,60,-2,-1,20,40,40,4,2,2,21
1118,1,14,120,-1,-2,80,80,80,4,2,2,81
1118,1,15,90,-3,-1,22,66,68,4,2,2,23
1118,1,16,120,-2,-1,40,80,80,4,2,2,41
1118,1,17,60,-1,-2,40,40,40,4,2,2,41
1118,1,18,90,-1,-3,67,67,69,4,2,2,68
1118,1,19,120,-1,-1,60,60,60,4,2,2,61
1118,1,20,40,-1,-3,30,30,30,4,2,2,31
1119,1,3,200,-1,-1,103,103,97,4,2,2,104
1119,1,4,60,-2,-1,21,42,39,4,2,2,22
1119,1,5,120,-1,-1,57,57,63,4,2,2,58
1119,1,6,90,-1,-3,73,73,51,4,2,2,74
1119,1,8,150,-1,-2,99,99,102,4,2,2,100
1119,1,10,75,-1,-2,48,48,54,4,2,2,49
1119,1,12,120,-2,-1,40,80,80,4,2,2,41
1119,1,14,150,-2,-1,50,100,100,4,2,2,51
1119,1,15,40,-1,-3,29,29,33,4,2,2,30
1119,1,16,75,-2,-1,27,54,48,4,2,2,28
1119,1,17,40,-3,-1,10,30,30,4,2,2,11
1119,1,18,120,-1,-2,80,80,80,4,2,2,81
1119,1,19,90,-3,-1,22,66,68,4,2,2,23
1119,1,20,100,-1,-1,50,50,50,4,2,2,51
1120,1,2,75,-2,-1,25,50,50,4,2,2,26
1120,1,3,120,-1,-1,60,60,60,4,2,2,61
1120,1,4,100,-1,-3,74,74,78,4,2,2,75
1120,1,5,60,-1,-1,30,30,30,4,2,2,31
1120,1,6,120,-1,-2,81,81,78,4,2,2,82
1120,1,7,80,-1,-3,60,60,60,4,2,2,61
1120,1,8,90,-3,-1,22,66,68,4,2,2,23
1120,1,9,40,-1,-3,30,30,30,4,2,2,31
1120,1,10,100,-1,-1,50,50,50,4,2,2,51
1120,1,11,60,-2,-1,25,50,35,4,2,2,26
1120,1,12,150,-1,-2,100,100,100,4,2,2,101
1120,1,13,40,-3,-1,11,33,29,4,2,2,12
1120,1,14,120,-2,-1,39,78,81,4,2,2,40
1120,1,15,100,-3,-1,28,84,72,4,2,2,29
1120,1,16,75,-1,-2,50,50,50,4,2,2,51
1120,1,17,200,-1,-1,100,100,100,4,2,2,101
1120,1,18,90,-1,-3,66,66,72,4,2,2,67
1120,1,19,150,-2,-1,51,102,99,4,2,2,52
1120,1,20,80,-3,-1,17,51,63,4,2,2,18
1121,1,1,150,-2,-1,50,100,100,4,2,2,51
1121,1,2,40,-3,-1,10,30,30,4,2,2,11
1121,1,3,60,-1,-1,30,30,30,4,2,2,31
1121,1,4,150,-1,-2,44,44,212,4,2,2,45
1121,1,5,90,-1,-3,68,68,66,4,2,2,69
1121,1,6,75,-2,-1,23,46,52,4,2,2,24
1121,1,7,100,-1,-3,74,74,78,4,2,2,75
1121,1,8,120,-1,-2,76,76,88,4,2,2,77
1121,1,9,40,-1,-3,25,25,45,4,2,2,26
1121,1,11,120,-1,-1,67,67,53,4,2,2,68
1121,1,12,100,-3,-1,37,111,63,4,2,2,38
1121,1,13,80,-1,-3,39,39,123,4,2,2,40
1121,1,14,100,-1,-1,56,56,44,4,2,2,57
1121,1,15,60,-1,-2,23,23,74,4,2,2,24
1121,1,16,120,-2,-1,40,80,80,4,2,2,41
1121,1,17,200,-1,-1,107,107,93,4,2,2,108
1121,1,18,90,-3,-1,24,72,66,4,2,2,25
1121,1,19,75,-1,-2,32,32,86,4,2,2,33
1121,1,20,80,-3,-1,17,51,63,4,2,2,18
1122,1,1,80,-3,-1,20,60,60,4,2,2,21
1122,1,2,100,-1,-1,50,50,50,4,2,2,51
1122,1,3,75,-1,-2,50,50,50,4,2,2,51
1122,1,4,60,-1,-1,30,30,30,4,2,2,31
1122,1,5,150,-1,-2,100,100,100,4,2,2,101
1122,1,6,75,-2,-1,25,50,50,4,2,2,26
1122,1,7,200,-1,-1,100,100,100,4,2,2,101
1122,1,8,100,-3,-1,25,75,75,4,2,2,26
1122,1,9,80,-1,-3,60,60,60,4,2,2,61
1122,1,11,150,-2,-1,50,100,100,4,2,2,51
1122,1,12,100,-1,-3,75,75,75,4,2,2,76
1122,1,13,60,-2,-1,20,40,40,4,2,2,21
1122,1,14,120,-1,-2,80,80,80,4,2,2,81
1122,1,16,120,-2,-1,40,80,80,4,2,2,41
1122,1,17,60,-1,-2,40,40,40,4,2,2,41
1122,1,18,90,-1,-3,67,67,69,4,2,2,68
1122,1,19,120,-1,-1,60,60,60,4,2,2,61
1122,1,20,40,-1,-3,30,30,30,4,2,2,31
1123,1,1,60,-1,-1,30,30,30,4,2,2,31
1123,1,3,90,-3,-1,23,69,67,4,2,2,24
1123,1,4,100,-1,-3,80,80,60,4,2,2,81
1123,1,5,120,-1,-1,65,65,55,4,2,2,66
1123,1,6,80,-3,-1,20,60,60,4,2,2,21
1123,1,7,75,-2,-1,25,50,50,4,2,2,26
1123,1,8,90,-1,-3,68,68,66,4,2,2,69
1123,1,9,120,-1,-2,80,80,80,4,2,2,81
1123,1,10,100,-1,-1,50,50,50,4,2,2,51
1123,1,11,120,-2,-1,40,80,80,4,2,2,41
1123,1,12,100,-3,-1,25,75,75,4,2,2,26
1123,1,13,60,-1,-2,40,40,40,4,2,2,41
1123,1,14,150,-2,-1,50,100,100,4,2,2,51
1123,1,15,40,-3,-1,10,30,30,4,2,2,11
1123,1,16,150,-1,-2,100,100,100,4,2,2,101
1123,1,17,40,-1,-3,30,30,30,4,2,2,31
1123,1,18,60,-2,-1,20,40,40,4,2,2,21
1123,1,19,75,-1,-2,50,50,50,4,2,2,51
1123,1,20,200,-1,-1,100,100,100,4,2,2,101
1124,1,1,120,-1,-1,60,60,60,4,2,2,61
1124,1,2,60,-2,-1,15,30,45,4,2,2,16
1124,1,3,100,-3,-1,17,51,83,4,2,2,18
1124,1,4,120,-2,-1,24,48,96,4,2,2,25
1124,1,5,100,-1,-3,81,81,57,4,2,2,82
1124,1,6,150,-2,-1,30,60,120,4,2,2,31
1124,1,7,75,-1,-2,58,58,34,4,2,2,59
1124,1,8,60,-1,-1,30,30,30,4,2,2,31
1124,1,9,80,-1,-3,64,64,48,4,2,2,65
1124,1,10,120,-1,-2,44,44,152,4,2,2,45
1124,1,11,75,-2,-1,18,36,57,4,2,2,19
1124,1,12,40,-3,-1,8,24,32,4,2,2,9
1124,1,13,90,-1,-3,80,80,30,4,2,2,81
1124,1,14,60,-1,-2,30,30,60,4,2,2,31
1124,1,15,40,-1,-3,32,32,24,4,2,2,33
1124,1,16,200,-1,-1,100,100,100,4,2,2,101
1124,1,17,80,-3,-1,7,21,73,4,2,2,8
1124,1,18,100,-1,-1,50,50,50,4,2,2,51
1124,1,19,90,-3,-1,10,30,80,4,2,2,11
1124,1,20,150,-1,-2,117,117,66,4,2,2,118
1125,1,1,75,-2,-1,25,50,50,4,2,2,26
1125,1,4,60,-1,-2,30,30,60,4,2,2,31
1125,1,5,90,-1,-3,69,69,63,4,2,2,70
1125,1,8,80,-3,-1,16,48,64,4,2,2,17
1125,1,9,100,-1,-1,50,50,50,4,2,2,51
1125,1,11,150,-1,-2,87,87,126,4,2,2,88
1125,1,12,120,-2,-1,29,58,91,4,2,2,30
1125,1,13,200,-1,-1,100,100,100,4,2,2,101
1125,1,14,40,-3,-1,24,72,16,4,2,2,25
1125,1,15,60,-1,-1,30,30,30,4,2,2,31
1125,1,16,75,-1,-2,42,42,66,4,2,2,43
1125,1,17,120,-1,-1,60,60,60,4,2,2,61
1125,1,18,60,-2,-1,34,68,26,4,2,2,35
1125,1,19,100,-1,-3,50,50,150,4,2,2,51
1125,1,20,90,-3,-1,34,102,56,4,2,2,35
2105,2,1,60,-1,-2,20,20,80,4,2,2,21
2105,2,3,120,-1,-1,40,40,80,4,2,2,41
2105,2,5,60,-1,-1,30,30,30,4,2,2,31
2105,2,6,120,-1,-2,30,30,180,4,2,2,31
2105,2,7,80,-1,-3,30,30,150,4,2,2,31
2105,2,8,90,-3,-1,26,78,64,4,2,2,27
2105,2,9,40,-1,-3,25,25,45,4,2,2,26
2105,2,10,100,-1,-1,40,40,60,4,2,2,41
2105,2,11,60,-2,-1,15,30,45,4,2,2,16
2105,2,12,150,-1,-2,50,50,200,4,2,2,51
2105,2,13,40,-3,-1,7,21,33,4,2,2,8
2105,2,14,120,-2,-1,30,60,90,4,2,2,31
2105,2,15,100,-3,-1,14,42,86,4,2,2,15
2105,2,16,75,-1,-2,22,22,106,4,2,2,23
2105,2,17,200,-1,-1,100,100,100,4,2,2,101
2105,2,18,90,-1,-3,54,54,108,4,2,2,55
2105,2,19,150,-2,-1,50,100,100,4,2,2,51
2105,2,20,80,-3,-1,14,42,66,4,2,2,15
2106,2,1,60,-1,-2,40,40,40,4,2,2,41
2106,2,2,75,-2,-1,25,50,50,4,2,2,26
2106,2,3,120,-1,-1,60,60,60,4,2,2,61
2106,2,4,100,-1,-3,75,75,75,4,2,2,76
2106,2,5,60,-1,-1,30,30,30,4,2,2,31
2106,2,6,120,-1,-2,80,80,80,4,2,2,81
2106,2,7,80,-1,-3,60,60,60,4,2,2,61
2106,2,8,90,-3,-1,23,69,67,4,2,2,24
2106,2,9,40,-1,-3,30,30,30,4,2,2,31
2106,2,10,100,-1,-1,50,50,50,4,2,2,51
2106,2,11,60,-2,-1,20,40,40,4,2,2,21
2106,2,13,40,-3,-1,10,30,30,4,2,2,11
2106,2,14,120,-2,-1,38,76,82,4,2,2,39
2106,2,15,100,-3,-1,25,75,75,4,2,2,26
2106,2,16,75,-1,-2,50,50,50,4,2,2,51
2106,2,17,200,-1,-1,100,100,100,4,2,2,101
2106,2,18,90,-1,-3,68,68,66,4,2,2,69
2106,2,19,150,-2,-1,50,100,100,4,2,2,51
2106,2,20,80,-3,-1,20,60,60,4,2,2,21
2107,2,2,100,-1,-3,42,42,174,4,2,2,43
2107,2,3,200,-1,-1,100,100,100,4,2,2,101
2107,2,4,90,-3,-1,28,84,62,4,2,2,29
2107,2,6,75,-2,-1,27,54,48,4,2,2,28
2107,2,7,90,-1,-3,60,60,90,4,2,2,61
2107,2,8,120,-1,-2,79,79,82,4,2,2,80
2107,2,9,100,-3,-1,22,66,78,4,2,2,23
2107,2,10,75,-1,-2,45,45,60,4,2,2,46
2107,2,11,60,-2,-1,17,34,43,4,2,2,18
2107,2,12,80,-3,-1,14,42,66,4,2,2,15
2107,2,13,150,-2,-1,48,96,102,4,2,2,49
2107,2,14,60,-1,-2,39,39,42,4,2,2,40
2107,2,15,100,-1,-1,50,50,50,4,2,2,51
2107,2,16,40,-1,-3,26,26,42,4,2,2,27
2107,2,17,120,-1,-1,48,48,72,4,2,2,49
2107,2,18,80,-1,-3,57,57,69,4,2,2,58
2107,2,19,40,-3,-1,7,21,33,4,2,2,8
2107,2,20,60,-1,-1,13,13,47,4,2,2,14
2108,2,1,60,-1,-2,40,40,40,4,2,2,41
2108,2,2,75,-2,-1,25,50,50,4,2,2,26
2108,2,3,120,-1,-1,60,60,60,4,2,2,61
2108,2,4,100,-1,-3,75,75,75,4,2,2,76
2108,2,5,60,-1,-1,30,30,30,4,2,2,31
2108,2,6,120,-1,-2,80,80,80,4,2,2,81
2108,2,7,80,-1,-3,60,60,60,4,2,2,61
2108,2,8,90,-3,-1,22,66,68,4,2,2,23
2108,2,9,40,-1,-3,30,30,30,4,2,2,31
2108,2,10,100,-1,-1,50,50,50,4,2,2,51
2108,2,11,60,-2,-1,20,40,40,4,2,2,21
2108,2,12,150,-1,-2,101,101,98,4,2,2,102
2108,2,13,40,-3,-1,10,30,30,4,2,2,11
2108,2,14,120,-2,-1,40,80,80,4,2,2,41
2108,2,15,100,-3,-1,25,75,75,4,2,2,26
2108,2,17,200,-1,-1,100,100,100,4,2,2,101
2108,2,18,90,-1,-3,67,67,69,4,2,2,68
2108,2,19,150,-2,-1,50,100,100,4,2,2,51
2108,2,20,80,-3,-1,20,60,60,4,2,2,21
2109,2,1,80,-1,-3,53,53,81,4,2,2,54
2109,2,2,75,-1,-2,50,50,50,4,2,2,51
2109,2,3,60,-2,-1,26,52,34,4,2,2,27
2109,2,4,40,-1,-3,25,25,45,4,2,2,26
2109,2,5,100,-1,-1,50,50,50,4,2,2,51
2109,2,6,60,-1,-2,35,35,50,4,2,2,36
2109,2,8,100,-1,-3,64,64,108,4,2,2,65
2109,2,9,200,-1,-1,100,100,100,4,2,2,101
2109,2,11,90,-3,-1,21,63,69,4,2,2,22
2109,2,12,75,-2,-1,23,46,52,4,2,2,24
2109,2,13,60,-1,-1,30,30,30,4,2,2,31
2109,2,14,80,-3,-1,19,57,61,4,2,2,20
2109,2,15,150,-2,-1,49,98,101,4,2,2,50
2109,2,16,100,-3,-1,25,75,75,4,2,2,26
2109,2,17,120,-1,-1,60,60,60,4,2,2,61
2109,2,18,40,-3,-1,9,27,31,4,2,2,10
2109,2,19,90,-1,-3,62,62,84,4,2,2,63
2109,2,20,120,-1,-2,82,82,76,4,2,2,83
2113,2,2,200,-1,-1,100,100,100,4,2,2,101
2113,2,3,40,-3,-1,11,33,29,4,2,2,12
2113,2,4,120,-1,-1,60,60,60,4,2,2,61
2113,2,5,150,-2,-1,45,90,105,4,2,2,46
2113,2,6,80,-1,-3,53,53,81,4,2,2,54
2113,2,7,150,-1,-2,100,100,100,4,2,2,101
2113,2,8,40,-1,-3,29,29,33,4,2,2,30
2113,2,9,75,-2,-1,25,50,50,4,2,2,26
2113,2,10,80,-3,-1,19,57,61,4,2,2,20
2113,2,11,60,-1,-2,40,40,40,4,2,2,41
2113,2,12,90,-1,-3,69,69,63,4,2,2,70
2113,2,13,120,-1,-2,83,83,74,4,2,2,84
2113,2,14,100,-1,-3,70,70,90,4,2,2,71
2113,2,15,75,-1,-2,50,50,50,4,2,2,51
2113,2,16,100,-3,-1,27,81,73,4,2,2,28
2113,2,17,60,-2,-1,20,40,40,4,2,2,21
2113,2,18,100,-1,-1,51,51,49,4,2,2,52
2113,2,19,120,-2,-1,36,72,84,4,2,2,37
2113,2,20,60,-1,-1,30,30,30,4,2,2,31
2114,2,1,60,-1,-1,25,25,35,4,2,2,26
2114,2,2,80,-1,-3,40,40,120,4,2,2,41
2114,2,3,90,-3,-1,15,45,75,4,2,2,16
2114,2,4,100,-1,-3,30,30,210,4,2,2,31
2114,2,5,120,-1,-1,40,40,80,4,2,2,41
2114,2,6,80,-3,-1,20,60,60,4,2,2,21
2114,2,7,75,-2,-1,19,38,56,4,2,2,20
2114,2,8,90,-1,-3,35,35,165,4,2,2,36
2114,2,9,120,-1,-2,43,43,154,4,2,2,44
2114,2,10,100,-1,-1,33,33,67,4,2,2,34
2114,2,11,120,-2,-1,23,46,97,4,2,2,24
2114,2,12,100,-3,-1,14,42,86,4,2,2,15
2114,2,13,60,-1,-2,39,39,42,4,2,2,40
2114,2,14,150,-2,-1,44,88,106,4,2,2,45
2114,2,15,40,-3,-1,10,30,30,4,2,2,11
2114,2,16,150,-1,-2,52,52,196,4,2,2,53
2114,2,17,40,-1,-3,16,16,72,4,2,2,17
2114,2,18,60,-2,-1,18,36,42,4,2,2,19
2114,2,19,75,-1,-2,20,20,110,4,2,2,21
2114,2,20,200,-1,-1,44,44,156,4,2,2,45
2115,2,2,100,-1,-3,76,76,72,4,2,2,77
2115,2,3,200,-1,-1,100,100,100,4,2,2,101
2115,2,4,90,-3,-1,24,72,66,4,2,2,25
2115,2,6,75,-2,-1,25,50,50,4,2,2,26
2115,2,7,90,-1,-3,69,69,63,4,2,2,70
2115,2,8,120,-1,-2,80,80,80,4,2,2,81
2115,2,9,100,-3,-1,24,72,76,4,2,2,25
2115,2,10,75,-1,-2,50,50,50,4,2,2,51
2115,2,11,60,-2,-1,20,40,40,4,2,2,21
2115,2,12,80,-3,-1,18,54,62,4,2,2,19
2115,2,13,150,-2,-1,51,102,99,4,2,2,52
2115,2,14,60,-1,-2,36,36,48,4,2,2,37
2115,2,15,100,-1,-1,50,50,50,4,2,2,51
2115,2,16,40,-1,-3,30,30,30,4,2,2,31
2115,2,17,120,-1,-1,60,60,60,4,2,2,61
2115,2,18,80,-1,-3,61,61,57,4,2,2,62
2115,2,19,40,-3,-1,9,27,31,4,2,2,10
2115,2,20,60,-1,-1,30,30,30,4,2,2,31
2116,2,1,150,-2,-1,50,100,100,4,2,2,51
2116,2,2,40,-3,-1,10,30,30,4,2,2,11
2116,2,3,60,-1,-1,29,29,31,4,2,2,30
2116,2,4,150,-1,-2,100,100,100,4,2,2,101
2116,2,5,90,-1,-3,67,67,69,4,2,2,68
2116,2,6,75,-2,-1,25,50,50,4,2,2,26
2116,2,7,100,-1,-3,75,75,75,4,2,2,76
2116,2,8,120,-1,-2,80,80,80,4,2,2,81
2116,2,9,40,-1,-3,30,30,30,4,2,2,31
2116,2,10,60,-2,-1,20,40,40,4,2,2,21
2116,2,11,120,-1,-1,60,60,60,4,2,2,61
2116,2,12,100,-3,-1,25,75,75,4,2,2,26
2116,2,13,80,-1,-3,60,60,60,4,2,2,61
2116,2,14,100,-1,-1,50,50,50,4,2,2,51
2116,2,15,60,-1,-2,40,40,40,4,2,2,41
2116,2,16,120,-2,-1,40,80,80,4,2,2,41
2116,2,17,200,-1,-1,100,100,100,4,2,2,101
2116,2,19,75,-1,-2,49,49,52,4,2,2,50
2116,2,20,80,-3,-1,20,60,60,4,2,2,21
2117,2,3,40,-3,-1,4,12,36,4,2,2,5
2117,2,4,120,-1,-1,12,12,108,4,2,2,13
2117,2,6,80,-1,-3,30,30,150,4,2,2,31
2117,2,9,75,-2,-1,25,50,50,4,2,2,26
2117,2,11,60,-1,-2,30,30,60,4,2,2,31
2117,2,13,120,-1,-2,60,60,120,4,2,2,61
2117,2,14,100,-1,-3,40,40,180,4,2,2,41
2117,2,15,75,-1,-2,20,20,110,4,2,2,21
2117,2,16,100,-3,-1,16,48,84,4,2,2,17
2117,2,18,100,-1,-1,50,50,50,4,2,2,51
2117,2,19,120,-2,-1,22,44,98,4,2,2,23
2118,2,1,80,-3,-1,20,60,60,4,2,2,21
2118,2,2,100,-1,-1,50,50,50,4,2,2,51
2118,2,3,150,-1,-2,100,100,100,4,2,2,101
2118,2,4,100,-1,-3,75,75,75,4,2,2,76
2118,2,5,120,-1,-2,80,80,80,4,2,2,81
2118,2,6,40,-1,-3,30,30,30,4,2,2,31
2118,2,7,100,-3,-1,25,75,75,4,2,2,26
2118,2,8,120,-2,-1,40,80,80,4,2,2,41
2118,2,9,75,-1,-2,50,50,50,4,2,2,51
2118,2,10,90,-1,-3,68,68,66,4,2,2,69
2118,2,11,200,-1,-1,100,100,100,4,2,2,101
2118,2,12,40,-3,-1,10,30,30,4,2,2,11
2118,2,13,120,-1,-1,60,60,60,4,2,2,61
2118,2,14,75,-2,-1,25,50,50,4,2,2,26
2118,2,15,60,-1,-1,30,30,30,4,2,2,31
2118,2,17,60,-1,-2,40,40,40,4,2,2,41
2118,2,18,150,-2,-1,50,100,100,4,2,2,51
2118,2,19,80,-1,-3,60,60,60,4,2,2,61
2118,2,20,60,-2,-1,20,40,40,4,2,2,21
2119,2,1,60,-2,-1,20,40,40,4,2,2,21
2119,2,2,90,-1,-3,71,71,57,4,2,2,72
2119,2,3,120,-1,-2,80,80,80,4,2,2,81
2119,2,4,40,-3,-1,8,24,32,4,2,2,9
2119,2,5,100,-1,-3,75,75,75,4,2,2,76
2119,2,6,90,-3,-1,21,63,69,4,2,2,22
2119,2,7,150,-2,-1,40,80,110,4,2,2,41
2119,2,8,75,-1,-2,47,47,56,4,2,2,48
2119,2,9,120,-2,-1,37,74,83,4,2,2,38
2119,2,10,80,-3,-1,19,57,61,4,2,2,20
2119,2,11,150,-1,-2,100,100,100,4,2,2,101
2119,2,12,120,-1,-1,60,60,60,4,2,2,61
2119,2,13,40,-1,-3,30,30,30,4,2,2,31
2119,2,14,200,-1,-1,100,100,100,4,2,2,101
2119,2,15,100,-3,-1,25,75,75,4,2,2,26
2119,2,16,60,-1,-1,30,30,30,4,2,2,31
2119,2,17,75,-2,-1,25,50,50,4,2,2,26
2119,2,18,100,-1,-1,50,50,50,4,2,2,51
2119,2,19,80,-1,-3,60,60,60,4,2,2,61
2119,2,20,60,-1,-2,40,40,40,4,2,2,41
2120,2,1,80,-3,-1,20,60,60,4,2,2,21
2120,2,2,100,-1,-1,50,50,50,4,2,2,51
2120,2,3,75,-1,-2,50,50,50,4,2,2,51
2120,2,4,60,-1,-1,30,30,30,4,2,2,31
2120,2,5,150,-1,-2,100,100,100,4,2,2,101
2120,2,6,75,-2,-1,25,50,50,4,2,2,26
2120,2,7,200,-1,-1,100,100,100,4,2,2,101
2120,2,8,100,-3,-1,25,75,75,4,2,2,26
2120,2,9,80,-1,-3,60,60,60,4,2,2,61
2120,2,10,40,-3,-1,10,30,30,4,2,2,11
2120,2,11,150,-2,-1,50,100,100,4,2,2,51
2120,2,12,100,-1,-3,75,75,75,4,2,2,76
2120,2,13,60,-2,-1,20,40,40,4,2,2,21
2120,2,14,120,-1,-2,80,80,80,4,2,2,81
2120,2,15,90,-3,-1,22,66,68,4,2,2,23
2120,2,16,120,-2,-1,40,80,80,4,2,2,41
2120,2,17,60,-1,-2,40,40,40,4,2,2,41
2120,2,18,90,-1,-3,65,65,75,4,2,2,66
2120,2,19,120,-1,-1,60,60,60,4,2,2,61
2120,2,20,40,-1,-3,30,30,30,4,2,2,31
2121,2,2,75,-1,-2,50,50,50,4,2,2,51
2121,2,3,60,-2,-1,20,40,40,4,2,2,21
2121,2,4,40,-1,-3,30,30,30,4,2,2,31
2121,2,5,100,-1,-1,50,50,50,4,2,2,51
2121,2,6,60,-1,-2,40,40,40,4,2,2,41
2121,2,7,120,-2,-1,40,80,80,4,2,2,41
2121,2,9,200,-1,-1,100,100,100,4,2,2,101
2121,2,10,150,-1,-2,100,100,100,4,2,2,101
2121,2,12,75,-2,-1,25,50,50,4,2,2,26
2121,2,13,60,-1,-1,30,30,30,4,2,2,31
2121,2,14,80,-3,-1,20,60,60,4,2,2,21
2121,2,15,150,-2,-1,50,100,100,4,2,2,51
2121,2,16,100,-3,-1,25,75,75,4,2,2,26
2121,2,17,120,-1,-1,60,60,60,4,2,2,61
2121,2,18,40,-3,-1,10,30,30,4,2,2,11
2121,2,20,120,-1,-2,80,80,80,4,2,2,81
2122,2,1,120,-1,-1,59,59,61,4,2,2,60
2122,2,2,60,-1,-2,39,39,42,4,2,2,40
2122,2,3,40,-1,-3,29,29,33,4,2,2,30
2122,2,4,150,-1,-2,101,101,98,4,2,2,102
2122,2,5,75,-2,-1,25,50,50,4,2,2,26
2122,2,6,100,-1,-3,73,73,81,4,2,2,74
2122,2,7,120,-2,-1,39,78,81,4,2,2,40
2122,2,8,200,-1,-1,100,100,100,4,2,2,101
2122,2,9,80,-3,-1,19,57,61,4,2,2,20
2122,2,10,100,-1,-1,50,50,50,4,2,2,51
2122,2,11,80,-1,-3,59,59,63,4,2,2,60
2122,2,12,150,-2,-1,48,96,102,4,2,2,49
2122,2,13,90,-3,-1,21,63,69,4,2,2,22
2122,2,14,60,-1,-1,30,30,30,4,2,2,31
2122,2,15,75,-1,-2,49,49,52,4,2,2,50
2122,2,16,90,-1,-3,67,67,69,4,2,2,68
2122,2,17,60,-2,-1,19,38,41,4,2,2,20
2122,2,18,40,-3,-1,9,27,31,4,2,2,10
2122,2,19,120,-1,-2,79,79,82,4,2,2,80
2122,2,20,100,-3,-1,25,75,75,4,2,2,26
2123,2,2,60,-1,-2,36,36,48,4,2,2,37
2123,2,3,200,-1,-1,43,43,157,4,2,2,44
2123,2,5,120,-1,-1,40,40,80,4,2,2,41
2123,2,6,90,-1,-3,57,57,99,4,2,2,58
2123,2,7,60,-1,-1,22,22,38,4,2,2,23
2123,2,9,80,-3,-1,20,60,60,4,2,2,21
2123,2,10,75,-1,-2,42,42,66,4,2,2,43
2123,2,11,100,-3,-1,21,63,79,4,2,2,22
2123,2,12,120,-2,-1,27,54,93,4,2,2,28
2123,2,13,100,-1,-3,71,71,87,4,2,2,72
2123,2,14,150,-2,-1,37,74,113,4,2,2,38
2123,2,16,75,-2,-1,27,54,48,4,2,2,28
2123,2,17,40,-3,-1,12,36,28,4,2,2,13
2123,2,19,90,-3,-1,20,60,70,4,2,2,21
2123,2,20,100,-1,-1,48,48,52,4,2,2,49
2124,2,1,60,-1,-2,39,39,42,4,2,2,40
2124,2,2,75,-2,-1,23,46,52,4,2,2,24
2124,2,3,120,-1,-1,52,52,68,4,2,2,53
2124,2,4,100,-1,-3,71,71,87,4,2,2,72
2124,2,5,60,-1,-1,27,27,33,4,2,2,28
2124,2,6,120,-1,-2,76,76,88,4,2,2,77
2124,2,7,80,-1,-3,58,58,66,4,2,2,59
2124,2,8,90,-3,-1,21,63,69,4,2,2,22
2124,2,9,40,-1,-3,28,28,36,4,2,2,29
2124,2,10,100,-1,-1,45,45,55,4,2,2,46
2124,2,11,60,-2,-1,19,38,41,4,2,2,20
2124,2,12,150,-1,-2,96,96,108,4,2,2,97
2124,2,13,40,-3,-1,8,24,32,4,2,2,9
2124,2,14,120,-2,-1,38,76,82,4,2,2,39
2124,2,15,100,-3,-1,23,69,77,4,2,2,24
2124,2,16,75,-1,-2,47,47,56,4,2,2,48
2124,2,17,200,-1,-1,88,88,112,4,2,2,89
2124,2,18,90,-1,-3,60,60,90,4,2,2,61
2124,2,19,150,-2,-1,49,98,101,4,2,2,50
2124,2,20,80,-3,-1,17,51,63,4,2,2,18
1111,1,1,90,3,1,23,69,67,3,2,1,24
1111,1,2,200,1,1,100,100,100,3,2,1,101
1111,1,3,40,3,1,10,30,30,3,2,1,11
1111,1,4,120,1,1,60,60,60,3,2,1,61
1111,1,5,150,2,1,51,102,99,3,2,1,52
1111,1,6,80,1,3,58,58,66,3,2,1,59
1111,1,7,150,1,2,100,100,100,3,2,1,101
1111,1,8,40,1,3,30,30,30,3,2,1,31
1111,1,9,75,2,1,25,50,50,3,2,1,26
1111,1,10,80,3,1,20,60,60,3,2,1,21
1111,1,11,60,1,2,30,30,60,3,2,1,31
1111,1,12,90,1,3,68,68,66,3,2,1,69
1111,1,14,100,1,3,76,76,72,3,2,1,77
1111,1,15,75,1,2,60,60,30,3,2,1,61
1111,1,16,100,3,1,25,75,75,3,2,1,26
1111,1,17,60,2,1,20,40,40,3,2,1,21
1111,1,18,100,1,1,50,50,50,3,2,1,51
1111,1,19,120,2,1,40,80,80,3,2,1,41
1111,1,20,60,1,1,31,31,29,3,2,1,32
1112,1,1,120,2,1,60,120,60,3,2,1,61
1112,1,2,100,1,3,80,80,60,3,2,1,81
1112,1,3,200,1,1,125,125,75,3,2,1,126
1112,1,4,90,3,1,45,135,45,3,2,1,46
1112,1,5,150,1,2,100,100,100,3,2,1,101
1112,1,6,75,2,1,38,76,37,3,2,1,39
1112,1,7,90,1,3,61,61,87,3,2,1,62
1112,1,8,120,1,2,91,91,58,3,2,1,92
1112,1,9,100,3,1,50,150,50,3,2,1,51
1112,1,10,75,1,2,55,55,40,3,2,1,56
1112,1,11,60,2,1,30,60,30,3,2,1,31
1112,1,12,80,3,1,42,126,38,3,2,1,43
1112,1,13,150,2,1,87,174,63,3,2,1,88
1112,1,14,60,1,2,42,42,36,3,2,1,43
1112,1,15,100,1,1,70,70,30,3,2,1,71
1112,1,16,40,1,3,30,30,30,3,2,1,31
1112,1,17,120,1,1,76,76,44,3,2,1,77
1112,1,18,80,1,3,60,60,60,3,2,1,61
1112,1,19,40,3,1,27,81,13,3,2,1,28
1112,1,20,60,1,1,40,40,20,3,2,1,41
1113,1,2,100,1,3,75,75,75,3,2,1,76
1113,1,3,200,1,1,100,100,100,3,2,1,101
1113,1,5,150,1,2,100,100,100,3,2,1,101
1113,1,7,90,1,3,70,70,60,3,2,1,71
1113,1,10,75,1,2,57,57,36,3,2,1,58
1113,1,11,60,2,1,50,100,10,3,2,1,51
1113,1,14,60,1,2,40,40,40,3,2,1,41
1113,1,15,100,1,1,50,50,50,3,2,1,51
1113,1,16,40,1,3,30,30,30,3,2,1,31
1113,1,17,120,1,1,60,60,60,3,2,1,61
1113,1,18,80,1,3,60,60,60,3,2,1,61
1113,1,19,40,3,1,10,30,30,3,2,1,11
1113,1,20,60,1,1,30,30,30,3,2,1,31
1114,1,1,120,1,1,116,116,4,3,2,1,117
1114,1,2,60,2,1,58,116,2,3,2,1,59
1114,1,3,100,3,1,99,297,1,3,2,1,100
1114,1,4,120,2,1,118,236,2,3,2,1,119
1114,1,5,100,1,3,3,3,291,3,2,1,4
1114,1,6,150,2,1,147,294,3,3,2,1,148
1114,1,7,75,1,2,1,1,148,3,2,1,2
1114,1,8,60,1,1,58,58,2,3,2,1,59
1114,1,9,80,1,3,5,5,225,3,2,1,6
1114,1,10,120,1,2,4,4,232,3,2,1,5
1114,1,11,75,2,1,74,148,1,3,2,1,75
1114,1,12,40,3,1,38,114,2,3,2,1,39
1114,1,13,90,1,3,5,5,255,3,2,1,6
1114,1,14,60,1,2,3,3,114,3,2,1,4
1114,1,15,40,1,3,5,5,105,3,2,1,6
1114,1,16,200,1,1,196,196,4,3,2,1,197
1114,1,17,80,3,1,78,234,2,3,2,1,79
1114,1,18,100,1,1,97,97,3,3,2,1,98
1114,1,19,90,3,1,86,258,4,3,2,1,87
1114,1,20,150,1,2,10,10,280,3,2,1,11
1115,1,1,60,1,2,33,33,54,3,2,1,34
1115,1,2,75,2,1,35,70,40,3,2,1,36
1115,1,3,120,1,1,60,60,60,3,2,1,61
1115,1,4,100,1,3,59,59,123,3,2,1,60
1115,1,5,60,1,1,30,30,30,3,2,1,31
1115,1,6,120,1,2,70,70,100,3,2,1,71
1115,1,7,80,1,3,49,49,93,3,2,1,50
1115,1,8,90,3,1,40,120,50,3,2,1,41
1115,1,9,40,1,3,25,25,45,3,2,1,26
1115,1,10,100,1,1,50,50,50,3,2,1,51
1115,1,11,60,2,1,26,52,34,3,2,1,27
1115,1,12,150,1,2,83,83,134,3,2,1,84
1115,1,13,40,3,1,18,54,22,3,2,1,19
1115,1,14,120,2,1,51,102,69,3,2,1,52
1115,1,15,100,3,1,44,132,56,3,2,1,45
1115,1,16,75,1,2,43,43,64,3,2,1,44
1115,1,17,200,1,1,100,100,100,3,2,1,101
1115,1,18,90,1,3,54,54,108,3,2,1,55
1115,1,19,150,2,1,60,120,90,3,2,1,61
1115,1,20,80,3,1,34,102,46,3,2,1,35
1116,1,1,120,1,2,61,61,118,3,2,1,62
1116,1,2,80,3,1,41,123,39,3,2,1,42
1116,1,3,120,1,1,60,60,60,3,2,1,61
1116,1,4,40,1,3,20,20,60,3,2,1,21
1116,1,5,60,1,1,30,30,30,3,2,1,31
1116,1,6,40,3,1,20,60,20,3,2,1,21
1116,1,7,100,1,3,50,50,150,3,2,1,51
1116,1,8,75,1,2,38,38,74,3,2,1,39
1116,1,9,90,1,3,69,69,63,3,2,1,70
1116,1,10,120,2,1,41,82,79,3,2,1,42
1116,1,11,150,1,2,99,99,102,3,2,1,100
1116,1,12,100,3,1,26,78,74,3,2,1,27
1116,1,13,75,2,1,25,50,50,3,2,1,26
1116,1,14,90,3,1,23,69,67,3,2,1,24
1116,1,15,200,1,1,101,101,99,3,2,1,102
1116,1,16,60,2,1,20,40,40,3,2,1,21
1116,1,17,80,1,3,59,59,63,3,2,1,60
1116,1,18,60,1,2,40,40,40,3,2,1,41
1116,1,19,100,1,1,50,50,50,3,2,1,51
1116,1,20,150,2,1,50,100,100,3,2,1,51
1118,1,1,80,1,3,60,60,60,3,2,1,61
1118,1,2,75,1,2,50,50,50,3,2,1,51
1118,1,3,60,2,1,20,40,40,3,2,1,21
1118,1,4,40,1,3,30,30,30,3,2,1,31
1118,1,5,100,1,1,50,50,50,3,2,1,51
1118,1,6,60,1,2,43,43,34,3,2,1,44
1118,1,7,120,2,1,40,80,80,3,2,1,41
1118,1,8,100,1,3,75,75,75,3,2,1,76
1118,1,9,200,1,1,100,100,100,3,2,1,101
1118,1,10,150,1,2,100,100,100,3,2,1,101
1118,1,11,90,3,1,22,66,68,3,2,1,23
1118,1,12,75,2,1,25,50,50,3,2,1,26
1118,1,13,60,1,1,30,30,30,3,2,1,31
1118,1,15,150,2,1,50,100,100,3,2,1,51
1118,1,16,100,3,1,25,75,75,3,2,1,26
1118,1,17,120,1,1,60,60,60,3,2,1,61
1118,1,18,40,3,1,10,30,30,3,2,1,11
1118,1,19,90,1,3,68,68,66,3,2,1,69
1118,1,20,120,1,2,80,80,80,3,2,1,81
1119,1,1,90,3,1,22,66,68,3,2,1,23
1119,1,2,200,1,1,100,100,100,3,2,1,101
1119,1,3,40,3,1,10,30,30,3,2,1,11
1119,1,4,120,1,1,60,60,60,3,2,1,61
1119,1,5,150,2,1,50,100,100,3,2,1,51
1119,1,6,80,1,3,60,60,60,3,2,1,61
1119,1,7,150,1,2,100,100,100,3,2,1,101
1119,1,8,40,1,3,30,30,30,3,2,1,31
1119,1,9,75,2,1,25,50,50,3,2,1,26
1119,1,10,80,3,1,20,60,60,3,2,1,21
1119,1,11,60,1,2,40,40,40,3,2,1,41
1119,1,12,90,1,3,66,66,72,3,2,1,67
1119,1,13,120,1,2,80,80,80,3,2,1,81
1119,1,14,100,1,3,75,75,75,3,2,1,76
1119,1,15,75,1,2,50,50,50,3,2,1,51
1119,1,17,60,2,1,20,40,40,3,2,1,21
1119,1,18,100,1,1,50,50,50,3,2,1,51
1119,1,19,120,2,1,40,80,80,3,2,1,41
1119,1,20,60,1,1,30,30,30,3,2,1,31
1120,1,1,120,2,1,60,120,60,3,2,1,61
1120,1,2,100,1,3,50,50,150,3,2,1,51
1120,1,3,200,1,1,100,100,100,3,2,1,101
1120,1,4,90,3,1,45,135,45,3,2,1,46
1120,1,5,150,1,2,75,75,150,3,2,1,76
1120,1,6,75,2,1,38,76,37,3,2,1,39
1120,1,7,90,1,3,45,45,135,3,2,1,46
1120,1,8,120,1,2,60,60,120,3,2,1,61
1120,1,9,100,3,1,50,150,50,3,2,1,51
1120,1,10,75,1,2,38,38,74,3,2,1,39
1120,1,11,60,2,1,30,60,30,3,2,1,31
1120,1,12,80,3,1,40,120,40,3,2,1,41
1120,1,13,150,2,1,75,150,75,3,2,1,76
1120,1,14,60,1,2,30,30,60,3,2,1,31
1120,1,15,100,1,1,50,50,50,3,2,1,51
1120,1,16,40,1,3,20,20,60,3,2,1,21
1120,1,17,120,1,1,60,60,60,3,2,1,61
1120,1,18,80,1,3,40,40,120,3,2,1,41
1120,1,19,40,3,1,20,60,20,3,2,1,21
1120,1,20,60,1,1,30,30,30,3,2,1,31
1121,1,1,60,2,1,44,88,16,3,2,1,45
1121,1,2,90,1,3,45,45,135,3,2,1,46
1121,1,3,120,1,2,85,85,70,3,2,1,86
1121,1,4,40,3,1,24,72,16,3,2,1,25
1121,1,5,100,1,3,74,74,78,3,2,1,75
1121,1,6,90,3,1,66,198,24,3,2,1,67
1121,1,7,150,2,1,64,128,86,3,2,1,65
1121,1,8,75,1,2,23,23,104,3,2,1,24
1121,1,9,120,2,1,78,156,42,3,2,1,79
1121,1,10,80,3,1,40,120,40,3,2,1,41
1121,1,11,150,1,2,100,100,100,3,2,1,101
1121,1,12,120,1,1,73,73,47,3,2,1,74
1121,1,13,40,1,3,27,27,39,3,2,1,28
1121,1,14,200,1,1,100,100,100,3,2,1,101
1121,1,15,100,3,1,100,300,0,3,2,1,101
1121,1,16,60,1,1,30,30,30,3,2,1,31
1121,1,17,75,2,1,25,50,50,3,2,1,26
1121,1,18,100,1,1,63,63,37,3,2,1,64
1121,1,19,80,1,3,60,60,60,3,2,1,61
1121,1,20,60,1,2,39,39,42,3,2,1,40
1122,1,1,80,1,3,60,60,60,3,2,1,61
1122,1,2,75,1,2,50,50,50,3,2,1,51
1122,1,3,60,2,1,20,40,40,3,2,1,21
1122,1,4,40,1,3,30,30,30,3,2,1,31
1122,1,5,100,1,1,50,50,50,3,2,1,51
1122,1,6,60,1,2,40,40,40,3,2,1,41
1122,1,7,120,2,1,40,80,80,3,2,1,41
1122,1,8,100,1,3,75,75,75,3,2,1,76
1122,1,9,200,1,1,100,100,100,3,2,1,101
1122,1,10,150,1,2,100,100,100,3,2,1,101
1122,1,12,75,2,1,25,50,50,3,2,1,26
1122,1,13,60,1,1,30,30,30,3,2,1,31
1122,1,14,80,3,1,20,60,60,3,2,1,21
1122,1,15,150,2,1,50,100,100,3,2,1,51
1122,1,16,100,3,1,25,75,75,3,2,1,26
1122,1,17,120,1,1,60,60,60,3,2,1,61
1122,1,18,40,3,1,10,30,30,3,2,1,11
1122,1,20,120,1,2,80,80,80,3,2,1,81
1123,1,1,90,1,3,1,1,267,3,2,1,2
1123,1,2,60,1,2,34,34,52,3,2,1,35
1123,1,3,120,2,1,50,100,70,3,2,1,51
1123,1,4,90,3,1,45,135,45,3,2,1,46
1123,1,5,150,2,1,50,100,100,3,2,1,51
1123,1,6,40,3,1,15,45,25,3,2,1,16
1123,1,7,100,1,3,80,80,60,3,2,1,81
1123,1,8,150,1,2,75,75,150,3,2,1,76
1123,1,9,100,3,1,21,63,79,3,2,1,22
1123,1,10,200,1,1,100,100,100,3,2,1,101
1123,1,11,40,1,3,32,32,24,3,2,1,33
1123,1,12,80,3,1,23,69,57,3,2,1,24
1123,1,13,75,2,1,27,54,48,3,2,1,28
1123,1,14,120,1,1,55,55,65,3,2,1,56
1123,1,15,60,2,1,20,40,40,3,2,1,21
1123,1,16,120,1,2,80,80,80,3,2,1,81
1123,1,17,80,1,3,60,60,60,3,2,1,61
1123,1,18,100,1,1,49,49,51,3,2,1,50
1123,1,19,75,1,2,50,50,50,3,2,1,51
1123,1,20,60,1,1,31,31,29,3,2,1,32
1124,1,1,80,3,1,64,192,16,3,2,1,65
1124,1,2,100,1,1,100,100,0,3,2,1,101
1124,1,3,150,1,2,141,141,18,3,2,1,142
1124,1,4,100,1,3,95,95,15,3,2,1,96
1124,1,5,120,1,2,105,105,30,3,2,1,106
1124,1,6,40,1,3,35,35,15,3,2,1,36
1124,1,7,100,3,1,55,165,45,3,2,1,56
1124,1,8,120,2,1,112,224,8,3,2,1,113
1124,1,9,75,1,2,29,29,92,3,2,1,30
1124,1,10,90,1,3,45,45,135,3,2,1,46
1124,1,11,200,1,1,187,187,13,3,2,1,188
1124,1,12,40,3,1,12,36,28,3,2,1,13
1124,1,13,120,1,1,60,60,60,3,2,1,61
1124,1,14,75,2,1,25,50,50,3,2,1,26
1124,1,15,60,1,1,31,31,29,3,2,1,32
1124,1,16,90,3,1,33,99,57,3,2,1,34
1124,1,17,60,1,2,39,39,42,3,2,1,40
1124,1,18,150,2,1,40,80,110,3,2,1,41
1124,1,19,80,1,3,73,73,21,3,2,1,74
1124,1,20,60,2,1,20,40,40,3,2,1,21
1125,1,1,60,1,2,39,39,42,3,2,1,40
1125,1,3,100,1,3,74,74,78,3,2,1,75
1125,1,4,200,1,1,100,100,100,3,2,1,101
1125,1,5,80,1,3,60,60,60,3,2,1,61
1125,1,7,100,1,1,50,50,50,3,2,1,51
1125,1,9,75,1,2,51,51,48,3,2,1,52
1125,1,10,60,2,1,20,40,40,3,2,1,21
1125,1,11,40,1,3,17,17,69,3,2,1,18
1125,1,12,120,2,1,36,72,84,3,2,1,37
1125,1,13,40,3,1,28,84,12,3,2,1,29
1125,1,14,60,1,1,30,30,30,3,2,1,31
1125,1,15,150,2,1,60,120,90,3,2,1,61
1125,1,16,120,1,1,60,60,60,3,2,1,61
1125,1,17,100,3,1,68,204,32,3,2,1,69
1125,1,18,150,1,2,90,90,120,3,2,1,91
1125,1,19,80,3,1,50,150,30,3,2,1,51
2105,2,3,200,1,1,120,120,80,3,2,1,121
2105,2,4,90,3,1,26,78,64,3,2,1,27
2105,2,5,150,1,2,100,100,100,3,2,1,101
2105,2,6,75,2,1,25,50,50,3,2,1,26
2105,2,7,90,1,3,68,68,66,3,2,1,69
2105,2,8,120,1,2,80,80,80,3,2,1,81
2105,2,9,100,3,1,30,90,70,3,2,1,31
2105,2,10,75,1,2,50,50,50,3,2,1,51
2105,2,11,60,2,1,20,40,40,3,2,1,21
2105,2,12,80,3,1,50,150,30,3,2,1,51
2105,2,13,150,2,1,50,100,100,3,2,1,51
2105,2,14,60,1,2,50,50,20,3,2,1,51
2105,2,15,100,1,1,60,60,40,3,2,1,61
2105,2,16,40,1,3,25,25,45,3,2,1,26
2105,2,17,120,1,1,70,70,50,3,2,1,71
2105,2,18,80,1,3,57,57,69,3,2,1,58
2105,2,19,40,3,1,11,33,29,3,2,1,12
2105,2,20,60,1,1,40,40,20,3,2,1,41
2106,2,1,60,2,1,20,40,40,3,2,1,21
2106,2,2,90,1,3,67,67,69,3,2,1,68
2106,2,3,120,1,2,80,80,80,3,2,1,81
2106,2,4,40,3,1,10,30,30,3,2,1,11
2106,2,5,100,1,3,75,75,75,3,2,1,76
2106,2,6,90,3,1,23,69,67,3,2,1,24
2106,2,7,150,2,1,50,100,100,3,2,1,51
2106,2,8,75,1,2,50,50,50,3,2,1,51
2106,2,9,120,2,1,40,80,80,3,2,1,41
2106,2,10,80,3,1,20,60,60,3,2,1,21
2106,2,11,150,1,2,100,100,100,3,2,1,101
2106,2,12,120,1,1,60,60,60,3,2,1,61
2106,2,13,40,1,3,30,30,30,3,2,1,31
2106,2,14,200,1,1,100,100,100,3,2,1,101
2106,2,15,100,3,1,25,75,75,3,2,1,26
2106,2,16,60,1,1,30,30,30,3,2,1,31
2106,2,17,75,2,1,25,50,50,3,2,1,26
2106,2,18,100,1,1,50,50,50,3,2,1,51
2106,2,19,80,1,3,60,60,60,3,2,1,61
2106,2,20,60,1,2,40,40,40,3,2,1,41
2107,2,1,60,1,2,44,44,32,3,2,1,45
2107,2,2,75,2,1,40,80,35,3,2,1,41
2107,2,3,120,1,1,78,78,42,3,2,1,79
2107,2,4,100,1,3,81,81,57,3,2,1,82
2107,2,5,60,1,1,41,41,19,3,2,1,42
2107,2,6,120,1,2,91,91,58,3,2,1,92
2107,2,7,80,1,3,65,65,45,3,2,1,66
2107,2,8,90,3,1,30,90,60,3,2,1,31
2107,2,9,40,1,3,34,34,18,3,2,1,35
2107,2,10,100,1,1,65,65,35,3,2,1,66
2107,2,11,60,2,1,30,60,30,3,2,1,31
2107,2,12,150,1,2,101,101,98,3,2,1,102
2107,2,13,40,3,1,20,60,20,3,2,1,21
2107,2,14,120,2,1,45,90,75,3,2,1,46
2107,2,15,100,3,1,32,96,68,3,2,1,33
2107,2,16,75,1,2,57,57,36,3,2,1,58
2107,2,17,200,1,1,137,137,63,3,2,1,138
2107,2,18,90,1,3,71,71,57,3,2,1,72
2107,2,19,150,2,1,62,124,88,3,2,1,63
2107,2,20,80,3,1,26,78,54,3,2,1,27
2108,2,1,120,2,1,40,80,80,3,2,1,41
2108,2,2,100,1,3,75,75,75,3,2,1,76
2108,2,3,200,1,1,100,100,100,3,2,1,101
2108,2,5,150,1,2,100,100,100,3,2,1,101
2108,2,6,75,2,1,25,50,50,3,2,1,26
2108,2,8,120,1,2,80,80,80,3,2,1,81
2108,2,9,100,3,1,25,75,75,3,2,1,26
2108,2,10,75,1,2,50,50,50,3,2,1,51
2108,2,11,60,2,1,20,40,40,3,2,1,21
2108,2,12,80,3,1,20,60,60,3,2,1,21
2108,2,13,150,2,1,50,100,100,3,2,1,51
2108,2,15,100,1,1,50,50,50,3,2,1,51
2108,2,16,40,1,3,30,30,30,3,2,1,31
2108,2,17,120,1,1,61,61,59,3,2,1,62
2108,2,18,80,1,3,60,60,60,3,2,1,61
2108,2,19,40,3,1,10,30,30,3,2,1,11
2108,2,20,60,1,1,30,30,30,3,2,1,31
2109,2,1,80,3,1,19,57,61,3,2,1,20
2109,2,3,75,1,2,38,38,74,3,2,1,39
2109,2,4,60,1,1,29,29,31,3,2,1,30
2109,2,5,150,1,2,81,81,138,3,2,1,82
2109,2,6,75,2,1,31,62,44,3,2,1,32
2109,2,7,200,1,1,100,100,100,3,2,1,101
2109,2,8,100,3,1,26,78,74,3,2,1,27
2109,2,9,80,1,3,32,32,144,3,2,1,33
2109,2,10,40,3,1,10,30,30,3,2,1,11
2109,2,11,150,2,1,54,108,96,3,2,1,55
2109,2,12,100,1,3,50,50,150,3,2,1,51
2109,2,14,120,1,2,60,60,120,3,2,1,61
2109,2,15,90,3,1,40,120,50,3,2,1,41
2109,2,16,120,2,1,50,100,70,3,2,1,51
2109,2,17,60,1,2,36,36,48,3,2,1,37
2109,2,18,90,1,3,59,59,93,3,2,1,60
2109,2,19,120,1,1,60,60,60,3,2,1,61
2109,2,20,40,1,3,29,29,33,3,2,1,30
2113,2,2,60,1,2,30,30,60,3,2,1,31
2113,2,3,200,1,1,100,100,100,3,2,1,101
2113,2,4,60,2,1,30,60,30,3,2,1,31
2113,2,5,120,1,1,60,60,60,3,2,1,61
2113,2,6,90,1,3,63,63,81,3,2,1,64
2113,2,7,60,1,1,30,30,30,3,2,1,31
2113,2,8,150,1,2,98,98,104,3,2,1,99
2113,2,9,80,3,1,41,123,39,3,2,1,42
2113,2,10,75,1,2,49,49,52,3,2,1,50
2113,2,11,100,3,1,38,114,62,3,2,1,39
2113,2,12,120,2,1,44,88,76,3,2,1,45
2113,2,13,100,1,3,74,74,78,3,2,1,75
2113,2,14,150,2,1,58,116,92,3,2,1,59
2113,2,15,40,1,3,28,28,36,3,2,1,29
2113,2,16,75,2,1,30,60,45,3,2,1,31
2113,2,17,40,3,1,15,45,25,3,2,1,16
2113,2,18,120,1,2,81,81,78,3,2,1,82
2113,2,19,90,3,1,24,72,66,3,2,1,25
2113,2,20,100,1,1,50,50,50,3,2,1,51
2114,2,1,90,1,3,79,79,33,3,2,1,80
2114,2,2,60,1,2,48,48,24,3,2,1,49
2114,2,3,120,2,1,75,150,45,3,2,1,76
2114,2,4,90,3,1,39,117,51,3,2,1,40
2114,2,5,150,2,1,69,138,81,3,2,1,70
2114,2,6,40,3,1,13,39,27,3,2,1,14
2114,2,7,100,1,3,83,83,51,3,2,1,84
2114,2,8,150,1,2,100,100,100,3,2,1,101
2114,2,9,100,3,1,65,195,35,3,2,1,66
2114,2,10,200,1,1,115,115,85,3,2,1,116
2114,2,11,40,1,3,32,32,24,3,2,1,33
2114,2,12,80,3,1,42,126,38,3,2,1,43
2114,2,13,75,2,1,34,68,41,3,2,1,35
2114,2,14,120,1,1,65,65,55,3,2,1,66
2114,2,15,60,2,1,30,60,30,3,2,1,31
2114,2,16,120,1,2,84,84,72,3,2,1,85
2114,2,17,80,1,3,62,62,54,3,2,1,63
2114,2,18,100,1,1,50,50,50,3,2,1,51
2114,2,19,75,1,2,50,50,50,3,2,1,51
2114,2,20,60,1,1,38,38,22,3,2,1,39
2115,2,2,75,2,1,25,50,50,3,2,1,26
2115,2,3,120,1,1,64,64,56,3,2,1,65
2115,2,4,100,1,3,76,76,72,3,2,1,77
2115,2,5,60,1,1,30,30,30,3,2,1,31
2115,2,6,120,1,2,82,82,76,3,2,1,83
2115,2,7,80,1,3,60,60,60,3,2,1,61
2115,2,8,90,3,1,26,78,64,3,2,1,27
2115,2,9,40,1,3,32,32,24,3,2,1,33
2115,2,10,100,1,1,50,50,50,3,2,1,51
2115,2,11,60,2,1,21,42,39,3,2,1,22
2115,2,12,150,1,2,97,97,106,3,2,1,98
2115,2,13,40,3,1,10,30,30,3,2,1,11
2115,2,14,120,2,1,40,80,80,3,2,1,41
2115,2,15,100,3,1,27,81,73,3,2,1,28
2115,2,16,75,1,2,51,51,48,3,2,1,52
2115,2,17,200,1,1,100,100,100,3,2,1,101
2115,2,18,90,1,3,68,68,66,3,2,1,69
2115,2,19,150,2,1,52,104,98,3,2,1,53
2115,2,20,80,3,1,26,78,54,3,2,1,27
2116,2,1,60,2,1,20,40,40,3,2,1,21
2116,2,3,120,1,2,80,80,80,3,2,1,81
2116,2,4,40,3,1,10,30,30,3,2,1,11
2116,2,5,100,1,3,75,75,75,3,2,1,76
2116,2,6,90,3,1,23,69,67,3,2,1,24
2116,2,7,150,2,1,50,100,100,3,2,1,51
2116,2,8,75,1,2,50,50,50,3,2,1,51
2116,2,10,80,3,1,20,60,60,3,2,1,21
2116,2,11,150,1,2,100,100,100,3,2,1,101
2116,2,12,120,1,1,60,60,60,3,2,1,61
2116,2,13,40,1,3,30,30,30,3,2,1,31
2116,2,14,200,1,1,100,100,100,3,2,1,101
2116,2,15,100,3,1,25,75,75,3,2,1,26
2116,2,16,60,1,1,30,30,30,3,2,1,31
2116,2,17,75,2,1,25,50,50,3,2,1,26
2116,2,18,100,1,1,50,50,50,3,2,1,51
2116,2,19,80,1,3,60,60,60,3,2,1,61
2116,2,20,60,1,2,40,40,40,3,2,1,41
2117,2,2,60,1,2,40,40,40,3,2,1,41
2117,2,4,60,2,1,20,40,40,3,2,1,21
2117,2,5,120,1,1,60,60,60,3,2,1,61
2117,2,7,60,1,1,29,29,31,3,2,1,30
2117,2,8,150,1,2,100,100,100,3,2,1,101
2117,2,11,100,3,1,25,75,75,3,2,1,26
2117,2,14,150,2,1,50,100,100,3,2,1,51
2117,2,15,40,1,3,30,30,30,3,2,1,31
2117,2,16,75,2,1,25,50,50,3,2,1,26
2117,2,17,40,3,1,11,33,29,3,2,1,12
2117,2,18,120,1,2,80,80,80,3,2,1,81
2117,2,20,100,1,1,50,50,50,3,2,1,51
2118,2,1,120,1,1,60,60,60,3,2,1,61
2118,2,2,60,2,1,20,40,40,3,2,1,21
2118,2,3,100,3,1,25,75,75,3,2,1,26
2118,2,4,120,2,1,40,80,80,3,2,1,41
2118,2,5,100,1,3,75,75,75,3,2,1,76
2118,2,6,150,2,1,50,100,100,3,2,1,51
2118,2,7,75,1,2,50,50,50,3,2,1,51
2118,2,8,60,1,1,30,30,30,3,2,1,31
2118,2,9,80,1,3,60,60,60,3,2,1,61
2118,2,10,120,1,2,80,80,80,3,2,1,81
2118,2,11,75,2,1,25,50,50,3,2,1,26
2118,2,12,40,3,1,10,30,30,3,2,1,11
2118,2,13,90,1,3,67,67,69,3,2,1,68
2118,2,14,60,1,2,40,40,40,3,2,1,41
2118,2,15,40,1,3,30,30,30,3,2,1,31
2118,2,16,200,1,1,100,100,100,3,2,1,101
2118,2,17,80,3,1,20,60,60,3,2,1,21
2118,2,18,100,1,1,50,50,50,3,2,1,51
2118,2,19,90,3,1,23,69,67,3,2,1,24
2118,2,20,150,1,2,100,100,100,3,2,1,101
2119,2,1,150,2,1,50,100,100,3,2,1,51
2119,2,2,40,3,1,10,30,30,3,2,1,11
2119,2,3,60,1,1,30,30,30,3,2,1,31
2119,2,4,150,1,2,100,100,100,3,2,1,101
2119,2,5,90,1,3,70,70,60,3,2,1,71
2119,2,6,75,2,1,30,60,45,3,2,1,31
2119,2,7,100,1,3,76,76,72,3,2,1,77
2119,2,8,120,1,2,84,84,72,3,2,1,85
2119,2,9,40,1,3,30,30,30,3,2,1,31
2119,2,10,60,2,1,22,44,38,3,2,1,23
2119,2,11,120,1,1,69,69,51,3,2,1,70
2119,2,12,100,3,1,29,87,71,3,2,1,30
2119,2,13,80,1,3,61,61,57,3,2,1,62
2119,2,14,100,1,1,53,53,47,3,2,1,54
2119,2,15,60,1,2,42,42,36,3,2,1,43
2119,2,16,120,2,1,43,86,77,3,2,1,44
2119,2,17,200,1,1,109,109,91,3,2,1,110
2119,2,18,90,3,1,24,72,66,3,2,1,25
2119,2,19,75,1,2,52,52,46,3,2,1,53
2119,2,20,80,3,1,21,63,59,3,2,1,22
2120,2,1,80,1,3,60,60,60,3,2,1,61
2120,2,2,60,1,2,40,40,40,3,2,1,41
2120,2,3,200,1,1,100,100,100,3,2,1,101
2120,2,4,60,2,1,20,40,40,3,2,1,21
2120,2,5,120,1,1,60,60,60,3,2,1,61
2120,2,7,60,1,1,30,30,30,3,2,1,31
2120,2,8,150,1,2,100,100,100,3,2,1,101
2120,2,9,80,3,1,20,60,60,3,2,1,21
2120,2,10,75,1,2,50,50,50,3,2,1,51
2120,2,11,100,3,1,25,75,75,3,2,1,26
2120,2,12,120,2,1,40,80,80,3,2,1,41
2120,2,13,100,1,3,75,75,75,3,2,1,76
2120,2,14,150,2,1,50,100,100,3,2,1,51
2120,2,15,40,1,3,30,30,30,3,2,1,31
2120,2,16,75,2,1,25,50,50,3,2,1,26
2120,2,17,40,3,1,10,30,30,3,2,1,11
2120,2,18,120,1,2,80,80,80,3,2,1,81
2120,2,19,90,3,1,23,69,67,3,2,1,24
2120,2,20,100,1,1,50,50,50,3,2,1,51
2121,2,1,80,3,1,36,108,44,3,2,1,37
2121,2,2,100,1,1,50,50,50,3,2,1,51
2121,2,3,75,1,2,50,50,50,3,2,1,51
2121,2,4,60,1,1,30,30,30,3,2,1,31
2121,2,5,150,1,2,100,100,100,3,2,1,101
2121,2,7,200,1,1,100,100,100,3,2,1,101
2121,2,9,80,1,3,56,56,72,3,2,1,57
2121,2,11,150,2,1,50,100,100,3,2,1,51
2121,2,12,100,1,3,75,75,75,3,2,1,76
2121,2,14,120,1,2,80,80,80,3,2,1,81
2121,2,16,120,2,1,40,80,80,3,2,1,41
2121,2,20,40,1,3,30,30,30,3,2,1,31
2122,2,1,90,3,1,23,69,67,3,2,1,24
2122,2,2,150,1,2,100,100,100,3,2,1,101
2122,2,3,60,1,1,30,30,30,3,2,1,31
2122,2,4,150,2,1,51,102,99,3,2,1,52
2122,2,5,120,1,1,60,60,60,3,2,1,61
2122,2,6,80,1,3,62,62,54,3,2,1,63
2122,2,7,120,1,2,81,81,78,3,2,1,82
2122,2,8,90,1,3,68,68,66,3,2,1,69
2122,2,9,60,2,1,21,42,39,3,2,1,22
2122,2,10,40,1,3,32,32,24,3,2,1,33
2122,2,11,75,2,1,26,52,49,3,2,1,27
2122,2,12,100,1,1,50,50,50,3,2,1,51
2122,2,13,80,3,1,20,60,60,3,2,1,21
2122,2,14,200,1,1,100,100,100,3,2,1,101
2122,2,15,60,1,2,41,41,38,3,2,1,42
2122,2,16,40,3,1,11,33,29,3,2,1,12
2122,2,17,120,2,1,41,82,79,3,2,1,42
2122,2,18,100,1,3,73,73,81,3,2,1,74
2122,2,19,75,1,2,50,50,50,3,2,1,51
2122,2,20,100,3,1,26,78,74,3,2,1,27
2123,2,1,90,3,1,22,66,68,3,2,1,23
2123,2,2,200,1,1,100,100,100,3,2,1,101
2123,2,3,40,3,1,9,27,31,3,2,1,10
2123,2,4,120,1,1,60,60,60,3,2,1,61
2123,2,7,150,1,2,100,100,100,3,2,1,101
2123,2,8,40,1,3,30,30,30,3,2,1,31
2123,2,9,75,2,1,24,48,51,3,2,1,25
2123,2,11,60,1,2,40,40,40,3,2,1,41
2123,2,12,90,1,3,70,70,60,3,2,1,71
2123,2,13,120,1,2,80,80,80,3,2,1,81
2123,2,14,100,1,3,74,74,78,3,2,1,75
2123,2,15,75,1,2,49,49,52,3,2,1,50
2123,2,16,100,3,1,26,78,74,3,2,1,27
2123,2,17,60,2,1,20,40,40,3,2,1,21
2123,2,18,100,1,1,50,50,50,3,2,1,51
2123,2,19,120,2,1,39,78,81,3,2,1,40
2123,2,20,60,1,1,30,30,30,3,2,1,31
2124,2,1,120,2,1,45,90,75,3,2,1,46
2124,2,2,100,1,3,75,75,75,3,2,1,76
2124,2,3,200,1,1,112,112,88,3,2,1,113
2124,2,4,90,3,1,24,72,66,3,2,1,25
2124,2,5,150,1,2,103,103,94,3,2,1,104
2124,2,6,75,2,1,32,64,43,3,2,1,33
2124,2,7,90,1,3,68,68,66,3,2,1,69
2124,2,8,120,1,2,82,82,76,3,2,1,83
2124,2,9,100,3,1,27,81,73,3,2,1,28
2124,2,10,75,1,2,51,51,48,3,2,1,52
2124,2,11,60,2,1,23,46,37,3,2,1,24
2124,2,12,80,3,1,24,72,56,3,2,1,25
2124,2,13,150,2,1,55,110,95,3,2,1,56
2124,2,14,60,1,2,41,41,38,3,2,1,42
2124,2,15,100,1,1,58,58,42,3,2,1,59
2124,2,16,40,1,3,31,31,27,3,2,1,32
2124,2,17,120,1,1,70,70,50,3,2,1,71
2124,2,18,80,1,3,62,62,54,3,2,1,63
2124,2,20,60,1,1,32,32,28,3,2,1,33
